PassengerId,Survived,Pclass,Sex,SibSp,Parch,HasCabin,HasGroupTicket,Ticket_Prefix_C.A.,Ticket_Prefix_None,Ticket_Prefix_Other,Ticket_Prefix_PC,Ticket_Prefix_STON/O,Embarked_Q,Embarked_S,Fare,Age
1,0,3,0,1,0,0,0,0,0,0,0,0,0,1,2.1102132003465894,-0.563356950237803
2,1,1,1,1,0,1,0,0,0,0,1,0,0,0,4.2805931204649,0.6688404642819641
3,1,3,1,0,0,0,0,0,0,1,0,0,0,1,2.188856327665703,-0.25530759660786123
4,1,1,1,1,0,1,1,0,1,0,0,0,0,1,3.9908341858524357,0.43780344905950774
5,0,3,0,0,0,0,0,0,1,0,0,0,0,1,2.2027647577118348,0.43780344905950774
6,0,3,0,0,0,0,0,0,1,0,0,0,1,0,2.246892662898172,-0.10128291979289036
7,0,1,0,0,0,1,0,0,1,0,0,0,0,1,3.967694202798607,1.901037878801731
8,0,3,0,3,1,0,1,0,1,0,0,0,0,1,3.0944457464900235,-2.103603718387512
9,1,3,1,0,2,0,1,0,1,0,0,0,0,1,2.495953738718064,-0.1782952582003758
10,1,2,1,1,0,0,1,0,1,0,0,0,0,0,3.436268471383741,-1.1794556574976864
11,1,3,1,1,1,1,1,0,0,1,0,0,0,1,2.8735646395797834,-1.949579041572541
12,1,1,1,0,0,1,0,0,1,0,0,0,0,1,3.3160025355989236,2.209087232431673
13,0,3,0,0,0,0,0,0,0,1,0,0,0,1,2.2027647577118348,-0.7173816270527739
14,0,3,0,1,5,0,1,0,1,0,0,0,0,1,3.4742929367327062,0.7458528026894495
15,0,3,1,0,0,0,0,0,1,0,0,0,0,1,2.180891922715322,-1.1794556574976864
16,1,2,1,0,0,0,0,0,1,0,0,0,0,1,2.833213344056216,1.9780502172092165
17,0,3,0,4,1,0,1,0,1,0,0,0,1,0,3.405355391810819,-2.103603718387512
18,1,2,0,0,0,0,0,0,1,0,0,0,0,1,2.6390573296152584,-0.10128291979289036
19,0,3,1,1,0,0,0,0,1,0,0,0,0,1,2.9444389791664403,0.12975409542956598
20,1,3,1,0,0,0,0,0,1,0,0,0,0,0,2.1071782966514356,-0.10128291979289036
21,0,2,0,0,0,0,1,0,1,0,0,0,0,1,3.295836866004329,0.43780344905950774
22,1,2,0,0,0,1,0,0,1,0,0,0,0,1,2.6390573296152584,0.3607911106520223
23,1,3,1,0,0,0,0,0,1,0,0,0,1,0,2.2004637699272855,-1.1024433190902012
24,1,1,0,0,0,1,0,0,1,0,0,0,0,1,3.597312260588446,-0.10128291979289036
25,0,3,1,3,1,0,1,0,1,0,0,0,0,1,3.0944457464900235,-1.6415296879425991
26,1,3,1,1,5,0,1,0,1,0,0,0,0,1,3.4777725458882283,0.6688404642819641
27,0,3,0,0,0,0,0,0,1,0,0,0,0,0,2.1071782966514356,-0.10128291979289036
28,0,1,0,3,2,1,1,0,1,0,0,0,0,1,5.575949103146316,-0.7943939654602593
29,1,3,1,0,0,0,0,0,1,0,0,0,1,0,2.1837114628556327,-0.10128291979289036
30,0,3,0,0,0,0,0,0,1,0,0,0,0,1,2.1855792552411137,-0.10128291979289036
31,0,1,0,0,0,0,0,0,0,0,1,0,0,0,3.357621598945279,0.822865141096935
32,1,1,1,1,0,1,1,0,0,0,1,0,0,0,4.993969182787072,-0.10128291979289036
33,1,3,1,0,0,0,0,0,1,0,0,0,1,0,2.169053700369523,-0.10128291979289036
34,0,2,0,0,0,0,0,1,0,0,0,0,0,1,2.4423470353692043,2.825185939691557
35,0,1,0,1,0,0,1,0,0,0,1,0,0,0,4.420896324687287,-0.10128291979289036
36,0,1,0,1,0,0,1,0,1,0,0,0,0,1,3.970291913552122,0.9768898179119059
37,1,3,0,0,0,0,0,0,1,0,0,0,0,0,2.1076888046179385,-0.10128291979289036
38,0,3,0,0,0,0,0,0,0,1,0,0,0,1,2.2027647577118348,-0.6403692886452884
39,0,3,1,2,0,0,1,0,1,0,0,0,0,1,2.9444389791664403,-0.8714063038677448
40,1,3,1,1,0,0,1,0,1,0,0,0,0,0,2.5048481563289,-1.1794556574976864
41,0,3,1,1,0,0,0,0,1,0,0,0,0,1,2.348991465808201,0.822865141096935
42,0,2,1,1,0,0,1,0,1,0,0,0,0,1,3.091042453358316,-0.1782952582003758
43,0,3,0,0,0,0,0,0,1,0,0,0,0,0,2.1855792552411137,-0.10128291979289036
44,1,2,1,1,2,0,1,0,0,1,0,0,0,0,3.7513658711253766,-2.0265913799800264
45,1,3,1,0,0,0,0,0,1,0,0,0,1,0,2.1837114628556327,-0.7943939654602593
46,0,3,0,0,0,0,0,0,0,1,0,0,0,1,2.2027647577118348,-0.10128291979289036
47,0,3,0,1,0,0,0,0,1,0,0,0,1,0,2.803360380906535,-0.10128291979289036
48,1,3,1,0,0,0,0,0,1,0,0,0,1,0,2.169053700369523,-0.10128291979289036
49,0,3,0,2,0,0,0,0,1,0,0,0,0,0,3.1214482048688246,-0.10128291979289036
50,0,3,1,1,0,0,1,0,1,0,0,0,0,1,2.9338568698359038,-0.8714063038677448
51,0,3,0,4,1,0,1,0,1,0,0,0,0,1,3.705920919968788,-1.7185420263500846
52,0,3,0,0,0,0,0,0,0,1,0,0,0,1,2.174751721484161,-0.6403692886452884
53,1,1,1,1,0,1,1,0,0,0,1,0,0,0,4.353230991152628,1.515976186764304
54,1,2,1,1,0,0,0,0,1,0,0,0,0,1,3.295836866004329,-0.024270581385404916
55,0,1,0,0,1,1,0,0,1,0,0,0,0,0,4.142804513146981,2.7481736012840714
56,1,1,0,0,0,1,0,0,1,0,0,0,0,1,3.597312260588446,-0.10128291979289036
57,1,2,1,0,0,0,0,1,0,0,0,0,0,1,2.4423470353692043,-0.6403692886452884
58,0,3,0,0,0,0,0,0,1,0,0,0,0,0,2.1076888046179385,-0.06277675058914764
59,1,2,1,1,2,0,1,1,0,0,0,0,0,1,3.3586377672433594,-1.8725667031650555
60,0,3,0,5,2,0,1,0,0,1,0,0,0,1,3.8691155044168695,-1.4104926727201428
61,0,3,0,0,0,0,0,0,1,0,0,0,0,0,2.1076888046179385,-0.563356950237803
63,0,1,0,1,0,1,1,0,1,0,0,0,0,1,4.436455632600354,1.2079268331343622
64,0,3,0,3,2,0,1,0,1,0,0,0,0,1,3.3638415951183864,-1.949579041572541
65,0,1,0,0,0,0,0,0,0,0,1,0,0,0,3.357621598945279,-0.10128291979289036
66,1,3,0,1,1,0,1,0,1,0,0,0,0,0,2.7878344138303452,-0.10128291979289036
67,1,2,1,0,0,1,0,1,0,0,0,0,0,1,2.4423470353692043,-0.024270581385404916
68,0,3,0,0,0,0,0,0,0,1,0,0,0,1,2.2146605719425225,-0.7943939654602593
69,1,3,1,4,2,0,0,0,1,0,0,0,0,1,2.188856327665703,-0.9484186422752302
70,0,3,0,2,0,0,0,0,1,0,0,0,0,1,2.2682524139135403,-0.25530759660786123
71,0,2,0,0,0,0,0,1,0,0,0,0,0,1,2.4423470353692043,0.2067664338370514
72,0,3,1,5,2,0,1,0,0,1,0,0,0,1,3.8691155044168695,-1.0254309806827158
73,0,2,0,0,0,0,1,0,0,1,0,0,0,1,4.310799125385514,-0.6403692886452884
74,0,3,0,1,0,0,0,0,1,0,0,0,0,0,2.737880811060884,-0.25530759660786123
75,1,3,0,0,0,0,1,0,1,0,0,0,0,1,4.05171190165724,0.2067664338370514
76,0,3,0,0,0,1,0,0,1,0,0,0,0,1,2.157559320943788,-0.3323199350153467
77,0,3,0,0,0,0,0,0,1,0,0,0,0,1,2.1855792552411137,-0.10128291979289036
78,0,3,0,0,0,0,0,0,1,0,0,0,0,1,2.2027647577118348,-0.10128291979289036
79,1,2,0,0,2,0,1,0,1,0,0,0,0,1,3.4011973816621555,-2.19370815432427
80,1,3,1,0,0,0,1,0,1,0,0,0,0,1,2.600836116795061,0.052741757022080525
81,0,3,0,0,0,0,0,0,1,0,0,0,0,1,2.302585092994046,-0.563356950237803
82,1,3,0,0,0,0,0,0,1,0,0,0,0,1,2.3513752571634776,-0.024270581385404916
83,1,3,1,0,0,0,0,0,1,0,0,0,1,0,2.1733302571367834,-0.10128291979289036
84,0,1,0,0,0,0,0,0,1,0,0,0,0,1,3.8732821771117156,-0.10128291979289036
85,1,2,1,0,0,0,0,0,0,1,0,0,0,1,2.4423470353692043,-0.9484186422752302
86,1,3,1,3,0,0,1,0,1,0,0,0,0,1,2.8243506567983707,0.28377877224453685
87,0,3,0,1,3,0,1,0,0,1,0,0,0,1,3.5660053559634015,-1.0254309806827158
88,0,3,0,0,0,0,0,0,0,1,0,0,0,1,2.2027647577118348,-0.10128291979289036
89,1,1,1,3,2,1,1,0,1,0,0,0,0,1,5.575949103146316,-0.4863446118303176
90,0,3,0,0,0,0,0,0,1,0,0,0,0,1,2.2027647577118348,-0.4093322734228321
91,0,3,0,0,0,0,0,0,1,0,0,0,0,1,2.2027647577118348,-0.024270581385404916
92,0,3,0,0,0,0,0,0,1,0,0,0,0,1,2.180891922715322,-0.7173816270527739
93,0,1,0,1,0,1,0,0,0,1,0,0,0,1,4.1299529896894684,1.2849391715418477
94,0,3,0,1,2,0,1,1,0,0,0,0,0,1,3.0715352369694915,-0.25530759660786123
95,0,3,0,0,0,0,0,0,1,0,0,0,0,1,2.1102132003465894,2.2860995708391583
96,0,3,0,0,0,0,0,0,1,0,0,0,0,1,2.2027647577118348,-0.10128291979289036
97,0,1,0,0,0,1,0,0,0,0,1,0,0,0,3.57386695198272,3.210247631728984
98,1,1,0,0,1,1,0,0,0,0,1,0,0,0,4.164465907853638,-0.4863446118303176
99,1,2,1,0,1,0,1,0,1,0,0,0,0,1,3.1780538303479458,0.3607911106520223
100,0,2,0,1,0,0,1,0,1,0,0,0,0,1,3.295836866004329,0.3607911106520223
101,0,3,1,0,0,0,0,0,1,0,0,0,0,1,2.1855792552411137,-0.10128291979289036
102,0,3,0,0,0,0,0,0,1,0,0,0,0,1,2.1855792552411137,-0.10128291979289036
103,0,1,0,0,1,1,1,0,1,0,0,0,0,1,4.360387947851531,-0.6403692886452884
104,0,3,0,0,0,0,0,0,1,0,0,0,0,1,2.267393053825037,0.28377877224453685
105,0,3,0,2,0,0,0,0,1,0,0,0,0,1,2.188856327665703,0.5918281258744786
106,0,3,0,0,0,0,0,0,1,0,0,0,0,1,2.1855792552411137,-0.10128291979289036
107,1,3,1,0,0,0,0,0,1,0,0,0,0,1,2.157559320943788,-0.6403692886452884
108,1,3,0,0,0,0,0,0,1,0,0,0,0,1,2.1719067693519296,-0.10128291979289036
109,0,3,0,0,0,0,0,0,1,0,0,0,0,1,2.1855792552411137,0.6688404642819641
110,1,3,1,1,0,0,1,0,1,0,0,0,1,0,3.224857896545748,-0.10128291979289036
111,0,1,0,0,0,1,1,0,1,0,0,0,0,1,3.970291913552122,1.3619515099493331
112,0,3,1,1,0,0,1,0,1,0,0,0,0,0,2.737880811060884,-1.1409494882939437
113,0,3,0,0,0,0,0,0,1,0,0,0,0,1,2.2027647577118348,-0.563356950237803
114,0,3,1,1,0,0,0,0,1,0,0,0,0,1,2.3818582738885534,-0.7173816270527739
115,0,3,1,0,0,0,1,0,1,0,0,0,0,0,2.738146075922933,-0.9484186422752302
116,0,3,0,0,0,0,0,0,0,0,0,1,0,1,2.188856327665703,-0.6403692886452884
117,0,3,0,0,0,0,0,0,1,0,0,0,1,0,2.169053700369523,3.171741462525241
118,0,2,0,1,0,0,1,0,1,0,0,0,0,1,3.091042453358316,-0.024270581385404916
119,0,1,0,0,1,1,1,0,0,0,1,0,0,0,5.515526544247129,-0.4093322734228321
120,0,3,1,4,2,0,1,0,1,0,0,0,0,1,3.4742929367327062,-2.103603718387512
121,0,2,0,2,0,0,1,0,0,1,0,0,0,1,4.310799125385514,-0.6403692886452884
122,0,3,0,0,0,0,0,0,0,1,0,0,0,1,2.2027647577118348,-0.10128291979289036
123,0,2,0,1,0,0,1,0,1,0,0,0,0,0,3.436268471383741,0.24527260304079412
124,1,2,1,0,0,1,0,0,1,0,0,0,0,1,2.6390573296152584,0.24527260304079412
125,0,1,0,0,1,1,1,0,1,0,0,0,0,1,4.360387947851531,1.901037878801731
126,1,3,0,1,0,0,1,0,1,0,0,0,0,0,2.5048481563289,-1.3334803343126573
127,0,3,0,0,0,0,0,0,1,0,0,0,1,0,2.169053700369523,-0.10128291979289036
128,1,3,0,0,0,0,0,0,0,1,0,0,0,1,2.0969990034181696,-0.4093322734228321
129,1,3,1,1,1,1,1,0,1,0,0,0,0,0,3.1509523813392697,-0.10128291979289036
130,0,3,0,0,0,0,0,0,1,0,0,0,0,1,2.076311648670908,1.2079268331343622
131,0,3,0,0,0,0,0,0,1,0,0,0,0,0,2.1855792552411137,0.28377877224453685
132,0,3,0,0,0,0,0,0,0,1,0,0,0,1,2.0856720914304723,-0.7173816270527739
133,0,3,1,1,0,0,0,0,0,1,0,0,0,1,2.740840023925201,1.3619515099493331
134,1,2,1,1,0,0,0,0,1,0,0,0,0,1,3.295836866004329,-0.024270581385404916
135,0,2,0,0,0,0,0,1,0,0,0,0,0,1,2.6390573296152584,-0.3323199350153467
136,0,2,0,0,0,0,0,0,0,1,0,0,0,0,2.775447133088262,-0.4863446118303176
137,1,1,1,0,2,1,0,0,1,0,0,0,0,1,3.3062747934011893,-0.7943939654602593
138,0,1,0,1,0,1,1,0,1,0,0,0,0,1,3.9908341858524357,0.5918281258744786
139,0,3,0,0,0,0,1,0,1,0,0,0,0,1,2.3240236363515288,-1.0254309806827158
140,0,1,0,0,0,1,1,0,0,0,1,0,0,0,4.384523514872469,-0.4093322734228321
141,0,3,1,0,2,0,1,0,1,0,0,0,0,0,2.7878344138303452,-0.10128291979289036
142,1,3,1,0,0,0,0,0,1,0,0,0,0,1,2.169053700369523,-0.563356950237803
143,1,3,1,1,0,0,1,0,0,1,0,0,0,1,2.8243506567983707,-0.4093322734228321
144,0,3,0,0,0,0,0,0,1,0,0,0,1,0,2.0476928433652555,-0.7943939654602593
145,0,2,0,0,0,0,0,0,1,0,0,0,0,1,2.5257286443082556,-0.8714063038677448
146,0,2,0,1,1,0,1,1,0,0,0,0,0,1,3.6309854756950335,-0.7943939654602593
147,1,3,0,0,0,0,0,0,1,0,0,0,0,1,2.174274334826008,-0.1782952582003758
148,0,3,1,2,2,0,1,0,0,1,0,0,0,1,3.5660053559634015,-1.5645173495351137
149,0,2,0,0,2,1,1,0,1,0,0,0,0,1,3.295836866004329,0.5533219566707359
150,0,2,0,0,0,0,0,0,1,0,0,0,0,1,2.6390573296152584,0.9768898179119059
151,0,2,0,0,0,0,0,0,0,1,0,0,0,1,2.6045398247325453,1.670000863579275
152,1,1,1,1,0,1,1,0,1,0,0,0,0,1,4.213607983048918,-0.563356950237803
153,0,3,0,0,0,0,0,0,0,1,0,0,0,1,2.2027647577118348,2.0165563864129594
154,0,3,0,0,2,0,0,0,0,1,0,0,0,1,2.740840023925201,0.8613713103006777
155,0,3,0,0,0,0,0,0,0,1,0,0,0,1,2.1177604059819726,-0.10128291979289036
156,0,1,0,0,1,0,0,0,0,0,1,0,0,0,4.133231886474144,1.670000863579275
157,1,3,1,0,0,0,0,0,1,0,0,0,1,0,2.167143305297764,-1.0254309806827158
158,0,3,0,0,0,0,0,0,0,1,0,0,0,1,2.2027647577118348,0.052741757022080525
159,0,3,0,0,0,0,0,0,1,0,0,0,0,1,2.2682524139135403,-0.10128291979289036
160,0,3,0,8,2,0,1,0,0,1,0,0,0,1,4.256321678298823,-0.10128291979289036
161,0,3,0,0,1,0,0,0,1,0,0,0,0,1,2.8390784635086144,1.1309144947268768
162,1,2,1,0,0,0,0,1,0,0,0,0,0,1,2.8183982582710754,0.822865141096935
163,0,3,0,0,0,0,0,0,1,0,0,0,0,1,2.1719067693519296,-0.25530759660786123
164,0,3,0,0,0,0,0,0,1,0,0,0,0,1,2.2682524139135403,-0.9484186422752302
165,0,3,0,4,1,0,1,0,1,0,0,0,0,1,3.705920919968788,-2.1806160567949973
166,1,3,0,0,2,0,1,0,1,0,0,0,0,1,3.0692150503137943,-1.5645173495351137
167,1,1,1,0,1,1,1,0,1,0,0,0,0,1,4.02535169073515,-0.10128291979289036
168,0,3,1,1,4,0,1,0,1,0,0,0,0,1,3.3638415951183864,1.2079268331343622
169,0,1,0,0,0,0,0,0,0,0,1,0,0,1,3.2930552230424524,-0.10128291979289036
170,0,3,0,0,0,0,1,0,1,0,0,0,0,1,4.05171190165724,-0.10128291979289036
171,0,1,0,0,0,1,0,0,1,0,0,0,0,1,3.5409593240373143,2.440124247654129
172,0,3,0,4,1,0,1,0,1,0,0,0,1,0,3.405355391810819,-1.949579041572541
173,1,3,1,1,1,0,1,0,1,0,0,0,0,1,2.495953738718064,-2.1806160567949973
174,0,3,0,0,0,0,0,0,0,0,0,1,0,1,2.188856327665703,-0.6403692886452884
175,0,1,0,0,0,1,0,0,1,0,0,0,0,0,3.4561841799918147,2.055062555616702
176,0,3,0,1,1,0,0,0,1,0,0,0,0,1,2.180891922715322,-0.8714063038677448
177,0,3,0,3,1,0,1,0,1,0,0,0,0,1,3.275887339030031,-0.10128291979289036
178,0,1,1,0,0,1,0,0,0,0,1,0,0,0,3.391567832686312,1.5929885251717895
179,0,2,0,0,0,0,0,0,1,0,0,0,0,1,2.6390573296152584,0.052741757022080525
180,0,3,0,0,0,0,1,0,0,1,0,0,0,1,0.0,0.5148157874669932
181,0,3,1,8,2,0,1,0,0,1,0,0,0,1,4.256321678298823,-0.10128291979289036
182,0,2,0,0,0,0,0,0,0,1,0,0,0,0,2.775708849576025,-0.10128291979289036
183,0,3,0,4,2,0,1,0,1,0,0,0,0,1,3.4777725458882283,-1.5645173495351137
184,1,2,0,2,1,1,1,0,1,0,0,0,0,1,3.6888794541139363,-2.1806160567949973
185,1,3,1,0,2,0,0,0,1,0,0,0,0,1,3.1365805821413706,-1.949579041572541
186,0,1,0,0,0,1,0,0,1,0,0,0,0,1,3.9318256327243257,-0.10128291979289036
187,1,3,1,1,0,0,1,0,1,0,0,0,1,0,2.803360380906535,-0.10128291979289036
188,1,1,0,0,0,0,0,0,1,0,0,0,0,1,3.3160025355989236,1.2079268331343622
189,0,3,0,1,1,0,1,0,1,0,0,0,1,0,2.803360380906535,0.822865141096935
190,0,3,0,0,0,0,0,0,1,0,0,0,0,1,2.1855792552411137,0.5148157874669932
191,1,2,1,0,0,0,0,0,1,0,0,0,0,1,2.6390573296152584,0.2067664338370514
192,0,2,0,0,0,0,0,0,1,0,0,0,0,1,2.6390573296152584,-0.7943939654602593
193,1,3,1,1,0,0,0,0,1,0,0,0,0,1,2.180891922715322,-0.7943939654602593
194,1,2,0,1,1,1,1,0,1,0,0,0,0,1,3.295836866004329,-2.0265913799800264
195,1,1,1,0,0,1,0,0,0,0,1,0,0,0,3.357621598945279,1.1309144947268768
196,1,1,1,0,0,1,1,0,0,0,1,0,0,0,4.993969182787072,2.209087232431673
197,0,3,0,0,0,0,0,0,1,0,0,0,1,0,2.169053700369523,-0.10128291979289036
198,0,3,0,0,1,0,0,0,1,0,0,0,0,1,2.2411563979973974,0.9768898179119059
199,1,3,1,0,0,0,0,0,1,0,0,0,1,0,2.169053700369523,-0.10128291979289036
200,0,2,1,0,0,0,0,0,1,0,0,0,0,1,2.6390573296152584,-0.4093322734228321
201,0,3,0,0,0,0,0,0,1,0,0,0,0,1,2.3513752571634776,-0.10128291979289036
202,0,3,0,8,2,0,1,0,0,1,0,0,0,1,4.256321678298823,-0.10128291979289036
203,0,3,0,0,0,0,0,0,1,0,0,0,0,1,2.0143428636837015,0.3607911106520223
204,0,3,0,0,0,0,0,0,1,0,0,0,0,0,2.1071782966514356,1.246433002338105
205,1,3,0,0,0,0,0,0,0,0,0,0,0,1,2.2027647577118348,-0.8714063038677448
206,0,3,1,0,1,1,1,0,1,0,0,0,0,1,2.4390808375825834,-2.103603718387512
207,0,3,0,1,0,0,1,0,1,0,0,0,0,1,2.8243506567983707,0.2067664338370514
208,1,3,0,0,0,0,1,0,1,0,0,0,0,0,2.9850504252071306,-0.25530759660786123
209,1,3,1,0,0,0,0,0,1,0,0,0,1,0,2.169053700369523,-1.0254309806827158
210,1,1,0,0,0,1,0,0,1,0,0,0,0,0,3.4657359027997265,0.822865141096935
211,0,3,0,0,0,0,0,0,0,1,0,0,0,1,2.0856720914304723,-0.4093322734228321
212,1,2,1,0,0,0,0,0,0,1,0,0,0,1,3.091042453358316,0.43780344905950774
213,0,3,0,0,0,0,0,0,0,0,0,0,0,1,2.1102132003465894,-0.563356950237803
214,0,2,0,0,0,0,0,0,1,0,0,0,0,1,2.6390573296152584,0.052741757022080525
215,0,3,0,1,0,0,0,0,1,0,0,0,1,0,2.169053700369523,-0.10128291979289036
216,1,1,1,1,0,1,1,0,1,0,0,0,0,0,4.738607824217808,0.12975409542956598
217,1,3,1,0,0,0,0,0,0,1,0,0,0,1,2.188856327665703,-0.1782952582003758
218,0,2,0,1,0,0,1,0,1,0,0,0,0,1,3.332204510175204,0.9768898179119059
219,1,1,1,0,0,1,0,0,1,0,0,0,0,0,4.347586575960343,0.2067664338370514
220,0,2,0,0,0,0,0,0,0,1,0,0,0,1,2.4423470353692043,0.052741757022080525
221,1,3,0,0,0,0,0,0,0,1,0,0,0,1,2.2027647577118348,-1.0254309806827158
222,0,2,0,0,0,0,0,0,1,0,0,0,0,1,2.6390573296152584,-0.1782952582003758
223,0,3,0,0,0,0,0,0,1,0,0,0,0,1,2.2027647577118348,1.670000863579275
224,0,3,0,0,0,0,0,0,1,0,0,0,0,1,2.1855792552411137,-0.10128291979289036
225,1,1,0,1,0,1,1,0,1,0,0,0,0,1,4.51085950651685,0.6688404642819641
226,0,3,0,0,0,0,0,0,0,1,0,0,0,1,2.336986519711378,-0.563356950237803
227,1,2,0,0,0,0,0,0,0,1,0,0,0,1,2.4423470353692043,-0.7943939654602593
228,0,3,0,0,0,0,0,0,0,0,0,0,0,1,2.1102132003465894,-0.6788754578490311
229,0,2,0,0,0,0,0,0,1,0,0,0,0,1,2.6390573296152584,-0.8714063038677448
230,0,3,1,3,1,0,1,0,1,0,0,0,0,1,3.275887339030031,-0.10128291979289036
231,1,1,1,1,0,1,1,0,1,0,0,0,0,1,4.436455632600354,0.43780344905950774
232,0,3,0,0,0,0,0,0,1,0,0,0,0,1,2.1719067693519296,-0.024270581385404916
233,0,2,0,0,0,0,0,0,1,0,0,0,0,1,2.6741486494265287,2.2860995708391583
234,1,3,1,4,2,0,1,0,1,0,0,0,0,1,3.4777725458882283,-1.8725667031650555
235,0,2,0,0,0,0,0,1,0,0,0,0,0,1,2.4423470353692043,-0.4093322734228321
236,0,3,1,0,0,0,0,0,0,1,0,0,0,1,2.145931282948669,-0.10128291979289036
237,0,2,0,1,0,0,0,0,1,0,0,0,0,1,3.295836866004329,1.1309144947268768
238,1,2,1,0,2,0,1,1,0,0,0,0,0,1,3.305053521109253,-1.6415296879425991
239,0,2,0,0,0,0,0,0,1,0,0,0,0,1,2.4423470353692043,-0.7943939654602593
240,0,2,0,0,0,0,0,0,0,1,0,0,0,1,2.5858825671280026,0.28377877224453685
241,0,3,1,1,0,0,1,0,1,0,0,0,0,0,2.737880811060884,-0.10128291979289036
242,1,3,1,1,0,0,1,0,1,0,0,0,1,0,2.803360380906535,-0.10128291979289036
243,0,2,0,0,0,0,0,0,0,1,0,0,0,1,2.4423470353692043,-0.024270581385404916
244,0,3,0,0,0,0,0,0,0,0,0,1,0,1,2.094945728215801,-0.563356950237803
245,0,3,0,0,0,0,0,0,1,0,0,0,0,0,2.1071782966514356,0.052741757022080525
246,0,1,0,2,0,1,1,0,1,0,0,0,1,0,4.51085950651685,1.1309144947268768
247,0,3,1,0,0,0,0,0,1,0,0,0,0,1,2.1719067693519296,-0.3323199350153467
248,1,2,1,0,2,0,1,0,1,0,0,0,0,1,2.740840023925201,-0.4093322734228321
249,1,1,0,1,1,1,1,0,1,0,0,0,0,1,3.9806942251907276,0.5918281258744786
250,0,2,0,1,0,0,1,0,1,0,0,0,0,1,3.295836866004329,1.901037878801731
251,0,3,0,0,0,0,0,0,1,0,0,0,0,1,2.1102132003465894,-0.10128291979289036
252,0,3,1,1,1,1,1,0,1,0,0,0,0,1,2.4390808375825834,-0.024270581385404916
253,0,1,0,0,0,1,0,0,1,0,0,0,0,1,3.3160025355989236,2.517136586061615
254,0,3,0,1,0,0,1,0,0,1,0,0,0,1,2.8390784635086144,0.052741757022080525
255,0,3,1,0,2,0,1,0,1,0,0,0,0,1,3.0545906305603445,0.8998774795044204
256,1,3,1,0,2,0,0,0,1,0,0,0,0,0,2.7878344138303452,-0.024270581385404916
257,1,1,1,0,0,0,0,0,0,0,1,0,0,0,4.384523514872469,-0.10128291979289036
258,1,1,1,0,0,1,1,0,1,0,0,0,0,1,4.471638793363569,0.052741757022080525
259,1,1,1,0,0,0,1,0,0,0,1,0,0,0,6.240917354759096,0.43780344905950774
260,1,2,1,0,1,0,1,0,1,0,0,0,0,1,3.295836866004329,1.5929885251717895
261,0,3,0,0,0,0,0,0,1,0,0,0,1,0,2.169053700369523,-0.10128291979289036
262,1,3,0,4,2,0,1,0,1,0,0,0,0,1,3.4777725458882283,-2.0265913799800264
263,0,1,0,1,1,1,1,0,1,0,0,0,0,1,4.390118804571218,1.7470132019867604
264,0,1,0,0,0,1,0,0,1,0,0,0,0,1,0.0,0.822865141096935
265,0,3,1,0,0,0,0,0,1,0,0,0,1,0,2.169053700369523,-0.10128291979289036
266,0,2,0,0,0,0,0,1,0,0,0,0,0,1,2.4423470353692043,0.5148157874669932
267,0,3,0,4,1,0,1,0,1,0,0,0,0,1,3.705920919968788,-1.0254309806827158
268,1,3,0,1,0,0,0,0,1,0,0,0,0,1,2.1719067693519296,-0.3323199350153467
269,1,1,1,0,1,1,1,0,0,0,1,0,0,1,5.039951348430309,2.209087232431673
270,1,1,1,0,0,1,1,0,0,0,1,0,0,1,4.91730069488021,0.43780344905950774
271,0,1,0,0,0,0,1,0,1,0,0,0,0,1,3.4657359027997265,-0.10128291979289036
272,1,3,0,0,0,0,1,0,0,1,0,0,0,1,0.0,-0.3323199350153467
273,1,2,1,0,1,0,1,0,1,0,0,0,0,1,3.0204248861443626,0.8998774795044204
274,0,1,0,0,1,1,0,0,0,0,1,0,0,0,3.4242626545931514,0.5918281258744786
275,1,3,1,0,0,0,0,0,1,0,0,0,1,0,2.169053700369523,-0.10128291979289036
276,1,1,1,1,0,1,1,0,1,0,0,0,0,1,4.368919865004903,2.5941489244691005
277,0,3,1,0,0,0,0,0,1,0,0,0,0,1,2.169053700369523,1.2079268331343622
278,0,2,0,0,0,0,1,0,1,0,0,0,0,1,0.0,-0.10128291979289036
279,0,3,0,4,1,0,1,0,1,0,0,0,1,0,3.405355391810819,-1.7185420263500846
280,1,3,1,1,1,0,1,1,0,0,0,0,0,1,3.056356895370426,0.43780344905950774
281,0,3,0,0,0,0,0,0,1,0,0,0,1,0,2.169053700369523,2.7481736012840714
282,0,3,0,0,0,0,0,0,1,0,0,0,0,1,2.180891922715322,-0.10128291979289036
283,0,3,0,0,0,0,0,0,1,0,0,0,0,1,2.3513752571634776,-1.0254309806827158
284,1,3,0,0,0,0,0,0,0,1,0,0,0,1,2.2027647577118348,-0.7943939654602593
285,0,1,0,0,0,1,0,0,1,0,0,0,0,1,3.295836866004329,-0.10128291979289036
286,0,3,0,0,0,0,0,0,1,0,0,0,0,0,2.2682524139135403,0.28377877224453685
287,1,3,0,0,0,0,0,0,1,0,0,0,0,1,2.3513752571634776,0.052741757022080525
288,0,3,0,0,0,0,0,0,1,0,0,0,0,1,2.1855792552411137,-0.563356950237803
289,1,2,0,0,0,0,0,0,1,0,0,0,0,1,2.6390573296152584,0.9768898179119059
290,1,3,1,0,0,0,0,0,1,0,0,0,1,0,2.169053700369523,-0.563356950237803
291,1,1,1,0,0,0,1,0,1,0,0,0,0,1,4.380149874661021,-0.25530759660786123
292,1,1,1,1,0,1,1,0,1,0,0,0,0,0,4.5226490762785785,-0.7943939654602593
293,0,2,0,0,0,1,0,0,0,1,0,0,0,0,2.630088659632498,0.5148157874669932
294,0,3,1,0,0,0,0,0,1,0,0,0,0,1,2.2874714551839976,-0.4093322734228321
295,0,3,0,0,0,0,0,0,1,0,0,0,0,1,2.1855792552411137,-0.4093322734228321
296,0,1,0,0,0,0,0,0,0,0,1,0,0,0,3.357621598945279,-0.10128291979289036
297,0,3,0,0,0,0,0,0,1,0,0,0,0,0,2.1076888046179385,-0.44783844262657485
298,0,1,1,1,2,1,1,0,1,0,0,0,0,1,5.027492411162679,-2.103603718387512
299,1,1,0,0,0,1,0,0,1,0,0,0,0,1,3.449987545831587,-0.10128291979289036
300,1,1,1,0,1,1,1,0,0,0,1,0,0,0,5.515526544247129,1.5929885251717895
301,1,3,1,0,0,0,0,0,1,0,0,0,1,0,2.169053700369523,-0.10128291979289036
302,1,3,0,2,0,0,1,0,1,0,0,0,1,0,3.188416617383492,-0.10128291979289036
303,0,3,0,0,0,0,1,0,0,1,0,0,0,1,0.0,-0.7943939654602593
304,1,2,1,0,0,1,0,0,1,0,0,0,1,0,2.5915163848462583,-0.10128291979289036
305,0,3,0,0,0,0,0,0,0,0,0,0,0,1,2.2027647577118348,-0.10128291979289036
306,1,1,0,1,2,1,1,0,1,0,0,0,0,1,5.027492411162679,-2.186777043867596
307,1,1,1,0,0,0,1,0,1,0,0,0,0,0,4.717456363787216,-0.10128291979289036
308,1,1,1,1,0,1,1,0,0,0,1,0,0,0,4.699570861409576,-0.9484186422752302
309,0,2,0,1,0,0,1,0,0,1,0,0,0,0,3.2188758248682006,0.052741757022080525
310,1,1,1,0,0,1,1,0,0,0,1,0,0,0,4.0592215752427645,0.052741757022080525
311,1,1,1,0,0,1,1,0,1,0,0,0,0,0,4.432699549165613,-0.4093322734228321
312,1,1,1,2,2,1,1,0,0,0,1,0,0,0,5.5735788721243535,-0.8714063038677448
313,0,2,1,1,1,0,0,0,1,0,0,0,0,1,3.295836866004329,-0.25530759660786123
314,0,3,0,0,0,0,0,0,1,0,0,0,0,1,2.1855792552411137,-0.10128291979289036
315,0,2,0,1,1,0,1,0,0,1,0,0,0,1,3.305053521109253,1.0539021563193913
316,1,3,1,0,0,0,0,0,1,0,0,0,0,1,2.180891922715322,-0.25530759660786123
317,1,2,1,1,0,0,1,0,1,0,0,0,0,1,3.295836866004329,-0.4093322734228321
318,0,2,0,0,0,0,0,0,1,0,0,0,0,1,2.70805020110221,1.901037878801731
319,1,1,1,0,2,1,1,0,1,0,0,0,0,1,5.11118445372147,0.12975409542956598
320,1,1,1,1,1,1,1,0,1,0,0,0,0,0,4.908971640319756,0.822865141096935
321,0,3,0,0,0,0,0,0,0,0,0,0,0,1,2.1102132003465894,-0.563356950237803
322,0,3,0,0,0,0,0,0,1,0,0,0,0,1,2.1855792552411137,-0.1782952582003758
323,1,2,1,0,0,0,0,0,1,0,0,0,1,0,2.5915163848462583,0.052741757022080525
324,1,2,1,1,1,0,1,0,1,0,0,0,0,1,3.4011973816621555,-0.563356950237803
325,0,3,0,8,2,0,1,0,0,1,0,0,0,1,4.256321678298823,-0.10128291979289036
326,1,1,1,0,0,1,1,0,0,0,1,0,0,0,4.91730069488021,0.5148157874669932
327,0,3,0,0,0,0,0,0,1,0,0,0,0,1,1.9792758428991135,2.440124247654129
328,1,2,1,0,0,1,0,0,1,0,0,0,0,1,2.6390573296152584,0.5148157874669932
329,1,3,1,1,1,0,1,0,1,0,0,0,0,1,3.0692150503137943,0.12975409542956598
330,1,1,1,0,1,1,1,0,1,0,0,0,0,0,4.077184839375167,-1.0254309806827158
331,1,3,1,2,0,0,1,0,1,0,0,0,1,0,3.188416617383492,-0.10128291979289036
332,0,1,0,0,0,1,0,0,1,0,0,0,0,1,3.3843902633457743,1.246433002338105
333,0,1,0,0,1,1,1,0,0,0,1,0,0,1,5.039951348430309,0.6688404642819641
334,0,3,0,2,0,0,1,0,1,0,0,0,0,1,2.9444389791664403,-1.0254309806827158
335,1,1,1,1,0,0,1,0,0,0,1,0,0,1,4.902678819257608,-0.10128291979289036
336,0,3,0,0,0,0,0,0,1,0,0,0,0,1,2.1855792552411137,-0.10128291979289036
337,0,1,0,1,0,1,1,0,1,0,0,0,0,1,4.213607983048918,-0.024270581385404916
338,1,1,1,0,0,1,1,0,1,0,0,0,0,0,4.908971640319756,0.8998774795044204
339,1,3,0,0,0,0,0,0,1,0,0,0,0,1,2.2027647577118348,1.2079268331343622
340,0,1,0,0,0,1,0,0,1,0,0,0,0,1,3.597312260588446,1.2079268331343622
341,1,2,0,1,1,1,1,0,1,0,0,0,0,1,3.295836866004329,-2.103603718387512
342,1,1,1,3,2,1,1,0,1,0,0,0,0,1,5.575949103146316,-0.4093322734228321
343,0,2,0,0,0,0,0,0,1,0,0,0,0,1,2.6390573296152584,-0.10128291979289036
344,0,2,0,0,0,0,0,0,1,0,0,0,0,1,2.6390573296152584,-0.3323199350153467
345,0,2,0,0,0,0,0,0,1,0,0,0,0,1,2.6390573296152584,0.5148157874669932
346,1,2,1,0,0,1,0,0,1,0,0,0,0,1,2.6390573296152584,-0.4093322734228321
347,1,2,1,0,0,0,0,0,1,0,0,0,0,1,2.6390573296152584,0.822865141096935
348,1,3,1,1,0,0,0,0,1,0,0,0,0,1,2.8390784635086144,-0.10128291979289036
349,1,3,0,1,1,0,1,1,0,0,0,0,0,1,2.8273136219290276,-2.0265913799800264
350,0,3,0,0,0,0,0,0,1,0,0,0,0,1,2.2682524139135403,0.9768898179119059
351,0,3,0,0,0,0,0,0,1,0,0,0,0,1,2.3248357019288655,-0.4863446118303176
352,0,1,0,0,0,1,0,0,1,0,0,0,0,1,3.58351893845611,-0.10128291979289036
353,0,3,0,1,1,0,0,0,1,0,0,0,0,0,2.1076888046179385,-1.1024433190902012
354,0,3,0,1,0,0,1,0,1,0,0,0,0,1,2.9338568698359038,-0.3323199350153467
355,0,3,0,0,0,0,0,0,1,0,0,0,0,0,2.1071782966514356,-0.10128291979289036
356,0,3,0,0,0,0,0,0,1,0,0,0,0,1,2.3513752571634776,-0.10128291979289036
357,1,1,1,0,1,1,1,0,1,0,0,0,0,1,4.02535169073515,-0.563356950237803
358,0,2,1,0,0,0,0,0,1,0,0,0,0,1,2.6390573296152584,0.6688404642819641
359,1,3,1,0,0,0,0,0,1,0,0,0,1,0,2.1837114628556327,-0.10128291979289036
360,1,3,1,0,0,0,0,0,1,0,0,0,1,0,2.1837114628556327,-0.10128291979289036
361,0,3,0,1,4,0,1,0,1,0,0,0,0,1,3.3638415951183864,0.822865141096935
362,0,2,0,1,0,0,0,0,0,1,0,0,0,0,3.357621598945279,-0.024270581385404916
363,0,3,1,0,1,0,1,0,1,0,0,0,0,0,2.737880811060884,1.2079268331343622
364,0,3,0,0,0,0,0,0,0,1,0,0,0,1,2.0856720914304723,0.43780344905950774
365,0,3,0,1,0,0,1,0,1,0,0,0,1,0,2.803360380906535,-0.10128291979289036
366,0,3,0,0,0,0,0,0,0,1,0,0,0,1,2.1102132003465894,0.052741757022080525
367,1,1,1,1,0,1,0,0,1,0,0,0,0,0,4.334017415487521,2.3631119092466437
368,1,3,1,0,0,0,0,0,1,0,0,0,0,0,2.1076888046179385,-0.10128291979289036
369,1,3,1,0,0,0,0,0,1,0,0,0,1,0,2.169053700369523,-0.10128291979289036
370,1,1,1,0,0,1,1,0,0,0,1,0,0,0,4.252771798816619,-0.4093322734228321
371,1,1,0,1,0,1,0,0,1,0,0,0,0,0,4.0332082470129285,-0.3323199350153467
372,0,3,0,1,0,0,0,0,1,0,0,0,0,1,2.0143428636837015,-0.8714063038677448
373,0,3,0,0,0,0,0,0,1,0,0,0,0,1,2.2027647577118348,-0.7943939654602593
374,0,1,0,0,0,0,1,0,0,0,1,0,0,0,4.91730069488021,-0.563356950237803
375,0,3,1,3,1,0,1,0,1,0,0,0,0,1,3.0944457464900235,-2.0265913799800264
376,1,1,1,1,0,0,1,0,0,0,1,0,0,0,4.420896324687287,-0.10128291979289036
377,1,3,1,0,0,0,0,0,0,1,0,0,0,1,2.1102132003465894,-0.563356950237803
378,0,1,0,0,2,1,0,0,1,0,0,0,0,0,5.358941988364472,-0.1782952582003758
379,0,3,0,0,0,0,0,0,1,0,0,0,0,0,1.6119347926326877,-0.7173816270527739
380,0,3,0,0,0,0,0,0,1,0,0,0,0,1,2.1719067693519296,-0.7943939654602593
381,1,1,1,0,0,0,1,0,0,0,1,0,0,0,5.4316456135398825,0.9768898179119059
382,1,3,1,0,2,0,1,0,1,0,0,0,0,0,2.817902613071225,-2.1806160567949973
383,0,3,0,0,0,0,0,0,0,0,0,1,0,1,2.188856327665703,0.2067664338370514
384,1,1,1,1,0,0,1,0,1,0,0,0,0,1,3.970291913552122,0.43780344905950774
385,0,3,0,0,0,0,0,0,1,0,0,0,0,1,2.1855792552411137,-0.10128291979289036
386,0,2,0,0,0,0,1,0,0,1,0,0,0,1,4.310799125385514,-0.8714063038677448
387,0,3,0,5,2,0,1,0,0,1,0,0,0,1,3.8691155044168695,-2.1806160567949973
388,1,2,1,0,0,0,0,0,1,0,0,0,0,1,2.6390573296152584,0.5148157874669932
389,0,3,0,0,0,0,0,0,1,0,0,0,1,0,2.1666737276227077,-0.10128291979289036
390,1,2,1,0,0,0,0,0,0,1,0,0,0,0,2.5649493574615367,-0.9484186422752302
391,1,1,0,1,2,1,1,0,1,0,0,0,0,1,4.795790545596741,0.5148157874669932
392,1,3,0,0,0,0,0,0,1,0,0,0,0,1,2.174274334826008,-0.6403692886452884
393,0,3,0,2,0,0,0,0,1,0,0,0,0,1,2.188856327665703,-0.10128291979289036
394,1,1,1,1,0,1,1,0,1,0,0,0,0,0,4.738607824217808,-0.4863446118303176
395,1,3,1,0,2,1,1,0,0,1,0,0,0,1,2.8735646395797834,-0.4093322734228321
396,0,3,0,0,0,0,0,0,1,0,0,0,0,1,2.174274334826008,-0.563356950237803
397,0,3,1,0,0,0,0,0,1,0,0,0,0,1,2.180891922715322,0.12975409542956598
398,0,2,0,0,0,0,1,0,1,0,0,0,0,1,3.295836866004329,1.2849391715418477
399,0,2,0,0,0,0,0,0,1,0,0,0,0,1,2.4423470353692043,-0.4863446118303176
400,1,2,1,0,0,0,0,0,1,0,0,0,0,1,2.613739521630969,-0.10128291979289036
401,1,3,0,0,0,0,0,0,0,0,0,1,0,1,2.188856327665703,0.7458528026894495
402,0,3,0,0,0,0,0,0,1,0,0,0,0,1,2.2027647577118348,-0.25530759660786123
403,0,3,1,1,0,0,0,0,1,0,0,0,0,1,2.3818582738885534,-0.6403692886452884
404,0,3,0,1,0,0,1,0,0,1,0,0,0,1,2.8243506567983707,-0.10128291979289036
405,0,3,1,0,0,0,0,0,1,0,0,0,0,1,2.2682524139135403,-0.7173816270527739
406,0,2,0,1,0,0,0,0,1,0,0,0,0,1,3.091042453358316,0.3607911106520223
407,0,3,0,0,0,0,0,0,1,0,0,0,0,1,2.169053700369523,1.670000863579275
408,1,2,0,1,1,0,1,0,1,0,0,0,0,1,2.9831534913471307,-2.0265913799800264
409,0,3,0,0,0,0,0,0,1,0,0,0,0,1,2.1719067693519296,-0.6403692886452884
410,0,3,1,3,1,0,1,0,1,0,0,0,0,1,3.275887339030031,-0.10128291979289036
411,0,3,0,0,0,0,0,0,1,0,0,0,0,1,2.1855792552411137,-0.10128291979289036
412,0,3,0,0,0,0,0,0,1,0,0,0,1,0,2.061570298060867,-0.10128291979289036
413,1,1,1,1,0,1,1,0,1,0,0,0,1,0,4.51085950651685,0.28377877224453685
414,0,2,0,0,0,0,1,0,1,0,0,0,0,1,0.0,-0.10128291979289036
415,1,3,0,0,0,0,0,0,0,0,0,1,0,1,2.188856327665703,1.1309144947268768
416,0,3,1,0,0,0,0,0,1,0,0,0,0,1,2.2027647577118348,-0.10128291979289036
417,1,2,1,1,1,0,0,0,1,0,0,0,0,1,3.5115454388310208,0.3607911106520223
418,1,2,1,0,2,0,0,0,1,0,0,0,0,1,2.6390573296152584,-0.8714063038677448
419,0,2,0,0,0,0,0,0,1,0,0,0,0,1,2.6390573296152584,0.052741757022080525
420,0,3,1,0,2,0,1,0,1,0,0,0,0,1,3.224857896545748,-1.4875050111276282
421,0,3,0,0,0,0,0,0,1,0,0,0,0,0,2.1855792552411137,-0.10128291979289036
422,0,3,0,0,0,0,0,0,0,1,0,0,1,0,2.167143305297764,-0.6403692886452884
423,0,3,0,0,0,0,0,0,1,0,0,0,0,1,2.1832383353614797,-0.024270581385404916
424,0,3,1,1,1,0,1,0,1,0,0,0,0,1,2.7343675094195836,-0.10128291979289036
425,0,3,0,1,1,0,1,0,1,0,0,0,0,1,3.0545906305603445,-0.8714063038677448
426,0,3,0,0,0,0,0,0,0,1,0,0,0,1,2.1102132003465894,-0.10128291979289036
427,1,2,1,1,0,0,0,0,1,0,0,0,0,1,3.295836866004329,-0.10128291979289036
428,1,2,1,0,0,0,1,0,1,0,0,0,0,1,3.295836866004329,-0.7943939654602593
429,0,3,0,0,0,0,0,0,1,0,0,0,1,0,2.169053700369523,-0.10128291979289036
430,1,3,0,0,0,1,0,0,0,1,0,0,0,1,2.2027647577118348,0.2067664338370514
431,1,1,0,0,0,1,0,0,1,0,0,0,0,1,3.3160025355989236,-0.10128291979289036
432,1,3,1,1,0,0,1,0,1,0,0,0,0,1,2.8390784635086144,-0.10128291979289036
433,1,2,1,1,0,0,0,0,0,1,0,0,0,1,3.295836866004329,0.9768898179119059
434,0,3,0,0,0,0,0,0,0,0,0,1,0,1,2.094945728215801,-0.9484186422752302
435,0,1,0,1,0,1,1,0,1,0,0,0,0,1,4.041295341132285,1.5929885251717895
436,1,1,1,1,2,1,1,0,1,0,0,0,0,1,4.795790545596741,-1.1794556574976864
437,0,3,1,2,2,0,1,0,0,1,0,0,0,1,3.5660053559634015,-0.6403692886452884
438,1,2,1,2,3,0,1,0,1,0,0,0,0,1,2.9831534913471307,-0.4093322734228321
439,0,1,0,1,4,1,1,0,1,0,0,0,0,1,5.575949103146316,2.671161262876586
440,0,2,0,0,0,0,0,1,0,0,0,0,0,1,2.4423470353692043,0.12975409542956598
441,1,2,1,1,1,0,1,0,0,1,0,0,0,1,3.305053521109253,1.2079268331343622
442,0,3,0,0,0,0,0,0,1,0,0,0,0,1,2.3513752571634776,-0.7173816270527739
443,0,3,0,1,0,0,0,0,1,0,0,0,0,1,2.1719067693519296,-0.3323199350153467
444,1,2,1,0,0,0,0,0,1,0,0,0,0,1,2.6390573296152584,-0.10128291979289036
445,1,3,0,0,0,0,0,0,1,0,0,0,0,1,2.2096470973347766,-0.10128291979289036
446,1,1,0,0,2,1,0,0,1,0,0,0,0,1,4.417131919904876,-1.949579041572541
447,1,2,1,0,1,0,1,0,1,0,0,0,0,1,3.0204248861443626,-1.2564679959051719
448,1,1,0,0,0,0,0,0,1,0,0,0,0,1,3.3160025355989236,0.3607911106520223
449,1,3,1,2,1,0,1,0,1,0,0,0,0,0,3.0085645861193133,-1.8725667031650555
450,1,1,0,0,0,1,0,0,1,0,0,0,0,1,3.449987545831587,1.7470132019867604
451,0,2,0,1,2,0,1,1,0,0,0,0,0,1,3.3586377672433594,0.5148157874669932
452,0,3,0,1,0,0,0,0,1,0,0,0,0,1,3.0429354648621407,-0.10128291979289036
453,0,1,0,0,0,1,0,0,1,0,0,0,0,0,3.3586377672433594,0.052741757022080525
454,1,1,0,1,0,1,1,0,1,0,0,0,0,0,4.500966778400217,1.515976186764304
455,0,3,0,0,0,0,0,0,0,0,0,0,0,1,2.2027647577118348,-0.10128291979289036
456,1,3,0,0,0,0,0,0,1,0,0,0,0,0,2.1855792552411137,-0.024270581385404916
457,0,1,0,0,0,1,0,0,1,0,0,0,0,1,3.3160025355989236,2.7481736012840714
458,1,1,1,1,0,1,0,0,1,0,0,0,0,1,3.967694202798607,-0.10128291979289036
459,1,2,1,0,0,0,0,0,0,1,0,0,0,1,2.4423470353692043,1.5929885251717895
460,0,3,0,0,0,0,0,0,1,0,0,0,1,0,2.169053700369523,-0.10128291979289036
461,1,1,0,0,0,1,0,0,1,0,0,0,0,1,3.3160025355989236,1.4389638483568186
462,0,3,0,0,0,0,0,0,1,0,0,0,0,1,2.2027647577118348,0.3607911106520223
463,0,1,0,0,0,1,0,0,1,0,0,0,0,1,3.676300671907076,1.3619515099493331
464,0,2,0,0,0,0,0,0,1,0,0,0,0,1,2.6390573296152584,1.4389638483568186
465,0,3,0,0,0,0,0,0,0,1,0,0,0,1,2.2027647577118348,-0.10128291979289036
466,0,3,0,0,0,0,0,0,0,1,0,0,0,1,2.0856720914304723,0.6688404642819641
467,0,2,0,0,0,0,1,0,1,0,0,0,0,1,0.0,-0.10128291979289036
468,0,1,0,0,0,0,0,0,1,0,0,0,0,1,3.3160025355989236,2.055062555616702
469,0,3,0,0,0,0,0,0,1,0,0,0,1,0,2.1661924680884908,-0.10128291979289036
470,1,3,1,2,1,0,1,0,1,0,0,0,0,0,3.0085645861193133,-2.1998691413968685
471,0,3,0,0,0,0,0,0,1,0,0,0,0,1,2.1102132003465894,-0.10128291979289036
472,0,3,0,0,0,0,0,0,1,0,0,0,0,1,2.2682524139135403,0.6688404642819641
473,1,2,1,1,2,0,1,1,0,0,0,0,0,1,3.3586377672433594,0.28377877224453685
474,1,2,1,0,0,1,0,0,0,1,0,0,0,0,2.694066212646058,-0.4863446118303176
475,0,3,1,0,0,0,0,0,1,0,0,0,0,1,2.3830123421066602,-0.563356950237803
476,0,1,0,0,0,1,1,0,1,0,0,0,0,1,3.970291913552122,-0.10128291979289036
477,0,2,0,1,0,0,1,0,1,0,0,0,0,1,3.091042453358316,0.3607911106520223
478,0,3,0,1,0,0,0,0,1,0,0,0,0,1,2.0851502161468174,-0.024270581385404916
479,0,3,0,0,0,0,0,0,1,0,0,0,0,1,2.142510233146819,-0.563356950237803
480,1,3,1,0,1,0,0,0,1,0,0,0,0,1,2.586823743668066,-2.103603718387512
481,0,3,0,5,2,0,1,0,0,1,0,0,0,1,3.8691155044168695,-1.5645173495351137
482,0,2,0,0,0,0,0,0,1,0,0,0,0,1,0.0,-0.10128291979289036
483,0,3,0,0,0,0,0,0,0,0,0,0,0,1,2.2027647577118348,1.5929885251717895
484,1,3,1,0,0,0,0,0,1,0,0,0,0,1,2.3596740599781727,2.5941489244691005
485,1,1,0,1,0,1,1,0,1,0,0,0,0,0,4.5226490762785785,-0.3323199350153467
486,0,3,1,3,1,0,1,0,1,0,0,0,0,1,3.275887339030031,-0.10128291979289036
487,1,1,1,1,0,1,1,0,1,0,0,0,0,1,4.51085950651685,0.43780344905950774
488,0,1,0,0,0,1,0,0,1,0,0,0,0,0,3.4242626545931514,2.209087232431673
489,0,3,0,0,0,0,0,0,0,1,0,0,0,1,2.2027647577118348,0.052741757022080525
490,1,3,0,1,1,0,1,1,0,0,0,0,0,1,2.8273136219290276,-1.5645173495351137
491,0,3,0,1,0,0,0,0,1,0,0,0,0,1,3.0429354648621407,-0.10128291979289036
492,0,3,0,0,0,0,0,0,0,1,0,0,0,1,2.1102132003465894,-0.6403692886452884
493,0,1,0,0,0,1,0,0,1,0,0,0,0,1,3.449987545831587,1.9780502172092165
494,0,1,0,0,0,0,0,0,0,0,1,0,0,0,3.922056501139853,3.210247631728984
495,0,3,0,0,0,0,0,0,0,1,0,0,0,1,2.2027647577118348,-0.6403692886452884
496,0,3,0,0,0,0,1,0,1,0,0,0,0,0,2.738146075922933,-0.10128291979289036
497,1,1,1,1,0,1,1,0,1,0,0,0,0,0,4.37281811610993,1.901037878801731
498,0,3,0,0,0,0,0,1,0,0,0,0,0,1,2.7788192719904172,-0.10128291979289036
499,0,1,1,1,2,1,1,0,1,0,0,0,0,1,5.027492411162679,-0.3323199350153467
500,0,3,0,0,0,0,0,0,1,0,0,0,0,1,2.174274334826008,-0.4093322734228321
501,0,3,0,0,0,0,0,0,1,0,0,0,0,1,2.2682524139135403,-0.9484186422752302
502,0,3,1,0,0,0,0,0,1,0,0,0,1,0,2.169053700369523,-0.6403692886452884
503,0,3,1,0,0,0,0,0,1,0,0,0,1,0,2.155151800914312,-0.10128291979289036
504,0,3,1,0,0,0,0,0,1,0,0,0,0,1,2.3596740599781727,0.5918281258744786
505,1,1,1,0,0,1,1,0,1,0,0,0,0,1,4.471638793363569,-1.0254309806827158
506,0,1,0,1,0,1,1,0,0,0,1,0,0,0,4.699570861409576,-0.8714063038677448
507,1,2,1,0,2,0,1,0,1,0,0,0,0,1,3.295836866004329,0.28377877224453685
508,1,1,0,0,0,0,0,0,1,0,0,0,0,1,3.3160025355989236,-0.10128291979289036
509,0,3,0,0,0,0,0,0,0,1,0,0,0,1,3.1580636854714434,-0.10128291979289036
510,1,3,0,0,0,0,1,0,1,0,0,0,0,1,4.05171190165724,-0.25530759660786123
511,1,3,0,0,0,0,0,0,1,0,0,0,1,0,2.169053700369523,-0.024270581385404916
512,0,3,0,0,0,0,0,0,0,1,0,0,0,1,2.2027647577118348,-0.10128291979289036
513,1,1,0,0,0,1,0,0,0,0,1,0,0,1,3.3064287218760624,0.5148157874669932
514,1,1,1,1,0,0,0,0,0,0,1,0,0,0,4.100989104940769,1.901037878801731
515,0,3,0,0,0,0,0,0,1,0,0,0,0,1,2.139571923732859,-0.4093322734228321
516,0,1,0,0,0,1,0,0,1,0,0,0,0,1,3.5559421706858756,1.3619515099493331
517,1,2,1,0,0,1,0,1,0,0,0,0,0,1,2.4423470353692043,0.3607911106520223
518,0,3,0,0,0,0,1,0,1,0,0,0,1,0,3.224857896545748,-0.10128291979289036
519,1,2,1,1,0,0,0,0,1,0,0,0,0,1,3.295836866004329,0.5148157874669932
520,0,3,0,0,0,0,0,0,1,0,0,0,0,1,2.1855792552411137,0.2067664338370514
521,1,1,1,0,0,1,1,0,1,0,0,0,0,1,4.548599834499697,0.052741757022080525
522,0,3,0,0,0,0,0,0,1,0,0,0,0,1,2.1855792552411137,-0.563356950237803
523,0,3,0,0,0,0,0,0,1,0,0,0,0,0,2.1071782966514356,-0.10128291979289036
524,1,1,1,0,1,1,1,0,1,0,0,0,0,0,4.077184839375167,1.1309144947268768
525,0,3,0,0,0,0,0,0,1,0,0,0,0,0,2.1076888046179385,-0.10128291979289036
526,0,3,0,0,0,0,0,0,1,0,0,0,1,0,2.169053700369523,0.8613713103006777
527,1,2,1,0,0,0,0,0,0,1,0,0,0,1,2.4423470353692043,1.5929885251717895
528,0,1,0,0,0,1,0,0,0,0,1,0,0,1,5.406181146423973,-0.10128291979289036
529,0,3,0,0,0,0,0,0,1,0,0,0,0,1,2.188856327665703,0.7458528026894495
530,0,2,0,2,1,0,0,0,1,0,0,0,0,1,2.5257286443082556,-0.4863446118303176
531,1,2,1,1,1,0,1,0,1,0,0,0,0,1,3.295836866004329,-2.103603718387512
532,0,3,0,0,0,0,0,0,1,0,0,0,0,0,2.1076888046179385,-0.10128291979289036
533,0,3,0,1,1,0,0,0,1,0,0,0,0,0,2.1076888046179385,-0.9484186422752302
534,1,3,1,0,2,0,1,0,1,0,0,0,0,0,3.1509523813392697,-0.10128291979289036
535,0,3,1,0,0,0,0,0,1,0,0,0,0,1,2.2682524139135403,0.052741757022080525
536,1,2,1,0,2,0,1,0,0,1,0,0,0,1,3.305053521109253,-1.7185420263500846
537,0,1,0,0,0,1,0,0,1,0,0,0,0,1,3.3160025355989236,1.2079268331343622
538,1,1,1,0,0,0,1,0,0,0,1,0,0,0,4.676792929661059,0.052741757022080525
539,0,3,0,0,0,0,0,0,1,0,0,0,0,1,2.740840023925201,-0.10128291979289036
540,1,1,1,0,2,1,0,0,1,0,0,0,0,0,3.9219733362813143,-0.563356950237803
541,1,1,1,0,2,1,1,0,0,1,0,0,0,1,4.276666119016055,0.5148157874669932
542,0,3,1,4,2,0,1,0,1,0,0,0,0,1,3.4742929367327062,-1.5645173495351137
543,0,3,1,4,2,0,1,0,1,0,0,0,0,1,3.4742929367327062,-1.4104926727201428
544,1,2,0,1,0,0,1,0,1,0,0,0,0,1,3.295836866004329,0.2067664338370514
545,0,1,0,1,0,1,1,0,0,0,1,0,0,0,4.676792929661059,1.5929885251717895
546,0,1,0,0,0,0,0,0,1,0,0,0,0,1,3.295836866004329,2.671161262876586
547,1,2,1,1,0,0,1,0,1,0,0,0,0,1,3.295836866004329,-0.7943939654602593
548,1,2,0,0,0,0,0,0,0,1,0,0,0,0,2.6988412620169004,-0.10128291979289036
549,0,3,0,1,1,0,1,0,1,0,0,0,0,1,3.0692150503137943,0.28377877224453685
550,1,2,0,1,1,0,1,1,0,0,0,0,0,1,3.6309854756950335,-1.6415296879425991
551,1,1,0,0,2,1,1,0,1,0,0,0,0,0,4.717456363787216,-0.9484186422752302
552,0,2,0,0,0,0,0,0,1,0,0,0,0,1,3.295836866004329,-0.1782952582003758
553,0,3,0,0,0,0,0,0,1,0,0,0,1,0,2.17806441028492,-0.10128291979289036
554,1,3,0,0,0,0,0,0,1,0,0,0,0,0,2.1071782966514356,-0.563356950237803
555,1,3,1,0,0,0,0,0,1,0,0,0,0,1,2.1719067693519296,-0.563356950237803
556,0,1,0,0,0,0,0,0,1,0,0,0,0,1,3.3160025355989236,2.517136586061615
557,1,1,1,1,0,1,0,0,1,0,0,0,0,0,3.703768066607687,1.4389638483568186
558,0,1,0,0,0,0,1,0,0,0,1,0,0,0,5.4316456135398825,-0.10128291979289036
559,1,1,1,1,1,1,1,0,1,0,0,0,0,1,4.390118804571218,0.7458528026894495
560,1,3,1,1,0,0,0,0,1,0,0,0,0,1,2.91235066461494,0.5148157874669932
561,0,3,0,0,0,0,0,0,1,0,0,0,1,0,2.169053700369523,-0.10128291979289036
562,0,3,0,0,0,0,0,0,1,0,0,0,0,1,2.1855792552411137,0.822865141096935
563,0,2,0,0,0,0,0,0,1,0,0,0,0,1,2.6741486494265287,-0.10128291979289036
564,0,3,0,0,0,0,0,0,0,1,0,0,0,1,2.2027647577118348,-0.10128291979289036
565,0,3,1,0,0,0,0,0,0,1,0,0,0,1,2.2027647577118348,-0.10128291979289036
566,0,3,0,2,0,0,1,0,0,1,0,0,0,1,3.224857896545748,-0.4093322734228321
567,0,3,0,0,0,0,0,0,1,0,0,0,0,1,2.1855792552411137,-0.7943939654602593
568,0,3,1,0,4,0,1,0,1,0,0,0,0,1,3.0944457464900235,-0.024270581385404916
569,0,3,0,0,0,0,0,0,1,0,0,0,0,0,2.1076888046179385,-0.10128291979289036
570,1,3,0,0,0,0,0,0,1,0,0,0,0,1,2.180891922715322,0.2067664338370514
571,1,2,0,0,0,0,0,0,0,1,0,0,0,1,2.4423470353692043,2.517136586061615
572,1,1,1,2,0,1,0,0,1,0,0,0,0,1,3.960416900617205,1.8240255403942456
573,1,1,0,0,0,1,0,0,0,0,1,0,0,1,3.3100867049215847,0.5148157874669932
574,1,3,1,0,0,0,0,0,1,0,0,0,1,0,2.169053700369523,-0.10128291979289036
575,0,3,0,0,0,0,0,0,0,1,0,0,0,1,2.2027647577118348,-1.0254309806827158
576,0,3,0,0,0,0,1,0,1,0,0,0,0,1,2.740840023925201,-0.7943939654602593
577,1,2,1,0,0,0,0,0,1,0,0,0,0,1,2.6390573296152584,0.3607911106520223
578,1,1,1,1,0,1,1,0,1,0,0,0,0,1,4.041295341132285,0.7458528026894495
579,0,3,1,1,0,0,0,0,1,0,0,0,0,0,2.738146075922933,-0.10128291979289036
580,1,3,0,0,0,0,0,0,0,0,0,1,0,1,2.188856327665703,0.2067664338370514
581,1,2,1,1,1,0,0,0,1,0,0,0,0,1,3.4339872044851463,-0.3323199350153467
582,1,1,1,1,1,1,1,0,1,0,0,0,0,0,4.717456363787216,0.7458528026894495
583,0,2,0,0,0,0,1,0,1,0,0,0,0,1,3.295836866004329,1.901037878801731
584,0,1,0,0,0,1,0,0,1,0,0,0,0,0,3.716616209085536,0.5148157874669932
585,0,3,0,0,0,0,0,0,1,0,0,0,0,0,2.2734137156937657,-0.10128291979289036
586,1,1,1,0,2,1,1,0,1,0,0,0,0,1,4.390118804571218,-0.8714063038677448
587,0,2,0,0,0,0,0,0,1,0,0,0,0,1,2.772588722239781,1.3619515099493331
588,1,1,0,1,1,1,0,0,1,0,0,0,0,0,4.384523514872469,2.3631119092466437
589,0,3,0,0,0,0,0,0,1,0,0,0,0,1,2.2027647577118348,-0.563356950237803
590,0,3,0,0,0,0,0,0,0,1,0,0,0,1,2.2027647577118348,-0.10128291979289036
591,0,3,0,0,0,0,0,0,0,0,0,1,0,1,2.094945728215801,0.43780344905950774
592,1,1,1,1,0,1,1,0,1,0,0,0,0,0,4.37281811610993,1.7470132019867604
593,0,3,0,0,0,0,0,0,0,0,0,0,0,1,2.1102132003465894,1.3619515099493331
594,0,3,1,0,2,0,0,0,1,0,0,0,1,0,2.169053700369523,-0.10128291979289036
595,0,2,0,1,0,0,0,0,0,1,0,0,0,1,3.295836866004329,0.5918281258744786
596,0,3,0,1,1,0,1,0,1,0,0,0,0,1,3.224857896545748,0.5148157874669932
597,1,2,1,0,0,0,1,0,1,0,0,0,0,1,3.5263605246161616,-0.10128291979289036
598,0,3,0,0,0,0,1,0,0,1,0,0,0,1,0.0,1.515976186764304
599,0,3,0,0,0,0,0,0,1,0,0,0,0,0,2.1071782966514356,-0.10128291979289036
600,1,1,0,1,0,1,1,0,0,0,1,0,0,0,4.0592215752427645,1.515976186764304
601,1,2,1,2,1,0,1,0,1,0,0,0,0,1,3.332204510175204,-0.4093322734228321
602,0,3,0,0,0,0,0,0,1,0,0,0,0,1,2.1855792552411137,-0.10128291979289036
603,0,1,0,0,0,0,0,0,1,0,0,0,0,1,3.770459441106359,-0.10128291979289036
604,0,3,0,0,0,0,0,0,1,0,0,0,0,1,2.2027647577118348,1.1309144947268768
605,1,1,0,0,0,0,0,0,1,0,0,0,0,0,3.3160025355989236,0.43780344905950774
606,0,3,0,1,0,0,0,0,1,0,0,0,0,1,2.806386101823072,0.5148157874669932
607,0,3,0,0,0,0,0,0,1,0,0,0,0,1,2.1855792552411137,0.052741757022080525
608,1,1,0,0,0,0,0,0,1,0,0,0,0,1,3.449987545831587,-0.1782952582003758
609,1,2,1,1,2,0,1,0,0,1,0,0,0,0,3.7513658711253766,-0.563356950237803
610,1,1,1,0,0,1,1,0,0,0,1,0,0,1,5.039951348430309,0.822865141096935
611,0,3,1,1,5,0,1,0,1,0,0,0,0,1,3.4742929367327062,0.7458528026894495
612,0,3,0,0,0,0,0,0,0,1,0,0,0,1,2.0856720914304723,-0.10128291979289036
613,1,3,1,1,0,0,1,0,1,0,0,0,1,0,2.803360380906535,-0.10128291979289036
614,0,3,0,0,0,0,0,0,1,0,0,0,1,0,2.169053700369523,-0.10128291979289036
615,0,3,0,0,0,0,0,0,1,0,0,0,0,1,2.2027647577118348,0.43780344905950774
616,1,2,1,1,2,0,1,0,1,0,0,0,0,1,4.189654742026425,-0.4093322734228321
617,0,3,0,1,1,0,1,0,1,0,0,0,0,1,2.7343675094195836,0.3607911106520223
618,0,3,1,1,0,0,1,0,0,1,0,0,0,1,2.8390784635086144,-0.25530759660786123
619,1,2,1,2,1,1,1,0,1,0,0,0,0,1,3.6888794541139363,-1.949579041572541
620,0,2,0,0,0,0,0,0,1,0,0,0,0,1,2.4423470353692043,-0.25530759660786123
621,0,3,0,1,0,0,1,0,1,0,0,0,0,0,2.737880811060884,-0.1782952582003758
622,1,1,0,1,0,1,0,0,1,0,0,0,0,1,3.9806942251907276,0.9768898179119059
623,1,3,0,1,1,0,1,0,1,0,0,0,0,0,2.817902613071225,-0.7173816270527739
624,0,3,0,0,0,0,0,0,1,0,0,0,0,1,2.180891922715322,-0.6403692886452884
625,0,3,0,0,0,0,1,0,1,0,0,0,0,1,2.8390784635086144,-0.6403692886452884
626,0,1,0,0,0,1,0,0,1,0,0,0,0,1,3.5061818266142577,2.440124247654129
627,0,2,0,0,0,0,0,0,1,0,0,0,1,0,2.5915163848462583,2.1320748940241874
628,1,1,1,0,0,1,1,0,1,0,0,0,0,1,4.368919865004903,-0.6403692886452884
629,0,3,0,0,0,0,0,0,1,0,0,0,0,1,2.1855792552411137,-0.25530759660786123
630,0,3,0,0,0,0,0,0,1,0,0,0,1,0,2.167143305297764,-0.10128291979289036
631,1,1,0,0,0,1,0,0,1,0,0,0,0,1,3.4339872044851463,3.903358677396353
632,0,3,0,0,0,0,0,0,1,0,0,0,0,1,2.086193694502369,1.670000863579275
633,1,1,0,0,0,1,0,0,1,0,0,0,0,0,3.449987545831587,0.2067664338370514
634,0,1,0,0,0,0,0,0,1,0,0,0,0,1,0.0,-0.10128291979289036
635,0,3,1,3,2,0,1,0,1,0,0,0,0,1,3.3638415951183864,-1.5645173495351137
636,1,2,1,0,0,0,0,0,1,0,0,0,0,1,2.6390573296152584,-0.10128291979289036
637,0,3,0,0,0,0,0,0,0,0,0,1,0,1,2.188856327665703,0.2067664338370514
638,0,2,0,1,1,0,1,1,0,0,0,0,0,1,3.305053521109253,0.12975409542956598
639,0,3,1,0,5,0,1,0,1,0,0,0,0,1,3.705920919968788,0.8998774795044204
640,0,3,0,1,0,0,1,0,1,0,0,0,0,1,2.8390784635086144,-0.10128291979289036
641,0,3,0,0,0,0,0,0,1,0,0,0,0,1,2.180891922715322,-0.7173816270527739
642,1,1,1,0,0,1,1,0,0,0,1,0,0,0,4.252771798816619,-0.4093322734228321
643,0,3,1,3,2,0,1,0,1,0,0,0,0,1,3.3638415951183864,-2.103603718387512
644,1,3,0,0,0,0,1,0,1,0,0,0,0,1,4.05171190165724,-0.10128291979289036
645,1,3,1,2,1,0,1,0,1,0,0,0,0,0,3.0085645861193133,-2.1998691413968685
646,1,1,0,1,0,1,1,0,0,0,1,0,0,0,4.353230991152628,1.4389638483568186
647,0,3,0,0,0,0,0,0,1,0,0,0,0,1,2.1855792552411137,-0.7943939654602593
648,1,1,0,0,0,1,0,0,1,0,0,0,0,0,3.597312260588446,2.055062555616702
649,0,3,0,0,0,0,0,0,0,1,0,0,0,1,2.145931282948669,-0.10128291979289036
650,1,3,1,0,0,0,0,0,0,1,0,0,0,1,2.145931282948669,-0.4863446118303176
651,0,3,0,0,0,0,0,0,1,0,0,0,0,1,2.1855792552411137,-0.10128291979289036
652,1,2,1,0,1,0,1,0,1,0,0,0,0,1,3.1780538303479458,-0.8714063038677448
653,0,3,0,0,0,0,0,0,1,0,0,0,0,1,2.2442459824059346,-0.6403692886452884
654,1,3,1,0,0,0,0,0,1,0,0,0,1,0,2.17806441028492,-0.10128291979289036
655,0,3,1,0,0,0,0,0,1,0,0,0,1,0,2.0476928433652555,-0.8714063038677448
656,0,2,0,2,0,0,1,0,0,1,0,0,0,1,4.310799125385514,-0.4093322734228321
657,0,3,0,0,0,0,0,0,1,0,0,0,0,1,2.1855792552411137,-0.10128291979289036
658,0,3,1,1,1,0,1,0,1,0,0,0,1,0,2.803360380906535,0.2067664338370514
659,0,2,0,0,0,0,0,0,1,0,0,0,0,1,2.6390573296152584,-0.4863446118303176
660,0,1,0,0,2,1,1,0,1,0,0,0,0,0,4.738607824217808,2.209087232431673
661,1,1,0,2,0,0,1,0,0,0,1,0,0,1,4.902678819257608,1.5929885251717895
662,0,3,0,0,0,0,0,0,1,0,0,0,0,0,2.1071782966514356,0.822865141096935
663,0,1,0,0,0,1,0,0,1,0,0,0,0,1,3.2804411805263554,1.3619515099493331
664,0,3,0,0,0,0,0,0,1,0,0,0,0,1,2.139571923732859,0.5148157874669932
665,1,3,0,1,0,0,0,0,0,0,0,1,0,1,2.188856327665703,-0.7173816270527739
666,0,2,0,2,0,0,1,0,0,1,0,0,0,1,4.310799125385514,0.2067664338370514
667,0,2,0,0,0,0,0,0,1,0,0,0,0,1,2.6390573296152584,-0.3323199350153467
668,0,3,0,0,0,0,0,0,1,0,0,0,0,1,2.1719067693519296,-0.10128291979289036
669,0,3,0,0,0,0,0,0,0,0,0,0,0,1,2.2027647577118348,1.0539021563193913
670,1,1,1,1,0,1,1,0,1,0,0,0,0,1,3.970291913552122,-0.10128291979289036
671,1,2,1,1,1,0,1,0,1,0,0,0,0,1,3.6888794541139363,0.822865141096935
672,0,1,0,1,0,1,0,0,0,1,0,0,0,1,3.970291913552122,0.12975409542956598
673,0,2,0,0,0,0,0,1,0,0,0,0,0,1,2.4423470353692043,3.1332352933214986
674,1,2,0,0,0,0,0,0,1,0,0,0,0,1,2.6390573296152584,0.12975409542956598
675,0,2,0,0,0,0,0,0,1,0,0,0,0,1,0.0,-0.10128291979289036
676,0,3,0,0,0,0,0,0,1,0,0,0,0,1,2.1719067693519296,-0.8714063038677448
677,0,3,0,0,0,0,0,0,1,0,0,0,0,1,2.2027647577118348,-0.3708261042190894
678,1,3,1,0,0,0,0,0,1,0,0,0,0,1,2.3833998102837652,-0.8714063038677448
679,0,3,1,1,6,0,1,0,0,1,0,0,0,1,3.8691155044168695,1.0539021563193913
680,1,1,0,0,1,1,1,0,0,0,1,0,0,0,6.240917354759096,0.5148157874669932
681,0,3,1,0,0,0,0,0,1,0,0,0,1,0,2.212386825075897,-0.10128291979289036
682,1,1,0,0,0,1,1,0,0,0,1,0,0,0,4.353230991152628,-0.1782952582003758
683,0,3,0,0,0,0,0,0,1,0,0,0,0,1,2.3248357019288655,-0.7173816270527739
684,0,3,0,5,2,0,1,0,0,1,0,0,0,1,3.8691155044168695,-1.1794556574976864
685,0,2,0,1,1,0,1,0,1,0,0,0,0,1,3.6888794541139363,2.3631119092466437
686,0,2,0,1,2,0,1,0,0,1,0,0,0,0,3.7513658711253766,-0.3323199350153467
687,0,3,0,4,1,0,1,0,1,0,0,0,0,1,3.705920919968788,-1.1794556574976864
688,0,3,0,0,0,0,0,0,1,0,0,0,0,1,2.4133032309283076,-0.7943939654602593
689,0,3,0,0,0,0,0,0,1,0,0,0,0,1,2.174274334826008,-0.8714063038677448
690,1,1,1,0,1,1,1,0,1,0,0,0,0,1,5.35817698994543,-1.1024433190902012
691,1,1,0,1,0,1,1,0,1,0,0,0,0,1,4.060443010546419,0.12975409542956598
692,1,3,1,0,1,0,0,0,1,0,0,0,0,0,2.668387256845834,-1.949579041572541
693,1,3,0,0,0,0,1,0,1,0,0,0,0,1,4.05171190165724,-0.10128291979289036
694,0,3,0,0,0,0,0,0,1,0,0,0,0,0,2.1071782966514356,-0.3323199350153467
695,0,1,0,0,0,0,0,0,1,0,0,0,0,1,3.3160025355989236,2.3631119092466437
696,0,2,0,0,0,0,0,0,1,0,0,0,0,1,2.6741486494265287,1.7470132019867604
697,0,3,0,0,0,0,0,0,1,0,0,0,0,1,2.2027647577118348,1.1309144947268768
698,1,3,1,0,0,0,0,0,1,0,0,0,1,0,2.167143305297764,-0.10128291979289036
699,0,1,0,1,1,1,1,0,1,0,0,0,0,0,4.717456363787216,1.515976186764304
700,0,3,0,0,0,1,0,0,1,0,0,0,0,1,2.157559320943788,0.9768898179119059
701,1,1,1,1,0,1,1,0,0,0,1,0,0,0,5.4316456135398825,-0.8714063038677448
702,1,1,0,0,0,1,0,0,0,0,1,0,0,1,3.3064287218760624,0.43780344905950774
703,0,3,1,0,1,0,1,0,1,0,0,0,0,0,2.737880811060884,-0.8714063038677448
704,0,3,0,0,0,0,0,0,1,0,0,0,1,0,2.1681046787623672,-0.3323199350153467
705,0,3,0,1,0,0,0,0,1,0,0,0,0,1,2.180891922715322,-0.25530759660786123
706,0,2,0,0,0,0,1,0,1,0,0,0,0,1,3.295836866004329,0.7458528026894495
707,1,2,1,0,0,0,0,0,1,0,0,0,0,1,2.6741486494265287,1.2079268331343622
708,1,1,0,0,0,1,0,0,0,0,1,0,0,1,3.3064287218760624,0.9768898179119059
709,1,1,1,0,0,0,1,0,1,0,0,0,0,1,5.027492411162679,-0.563356950237803
710,1,3,0,1,1,0,1,0,1,0,0,0,0,0,2.7878344138303452,-0.10128291979289036
711,1,1,1,0,0,1,0,0,0,0,1,0,0,0,3.922056501139853,-0.4093322734228321
712,0,1,0,0,0,1,0,0,1,0,0,0,0,1,3.3160025355989236,-0.10128291979289036
713,1,1,0,1,0,1,1,0,1,0,0,0,0,1,3.970291913552122,1.4389638483568186
714,0,3,0,0,0,0,0,0,1,0,0,0,0,1,2.3497835148230464,-0.024270581385404916
715,0,2,0,0,0,0,1,0,1,0,0,0,0,1,2.6390573296152584,1.7470132019867604
716,0,3,0,0,0,1,0,0,1,0,0,0,0,1,2.157559320943788,-0.7943939654602593
717,1,1,1,0,0,1,1,0,0,0,1,0,0,0,5.4316456135398825,0.6688404642819641
718,1,2,1,0,0,1,0,0,1,0,0,0,0,1,2.4423470353692043,-0.1782952582003758
719,0,3,0,0,0,0,0,0,1,0,0,0,1,0,2.803360380906535,-0.10128291979289036
720,0,3,0,0,0,0,0,0,1,0,0,0,0,1,2.1719067693519296,0.28377877224453685
721,1,2,1,0,1,0,1,0,1,0,0,0,0,1,3.5263605246161616,-1.79555436475757
722,0,3,0,1,0,0,0,0,1,0,0,0,0,1,2.086193694502369,-0.9484186422752302
723,0,2,0,0,0,0,0,0,1,0,0,0,0,1,2.6390573296152584,0.3607911106520223
724,0,2,0,0,0,0,0,0,1,0,0,0,0,1,2.6390573296152584,1.5929885251717895
725,1,1,0,1,0,1,1,0,1,0,0,0,0,1,3.9908341858524357,-0.1782952582003758
726,0,3,0,0,0,0,0,0,1,0,0,0,0,1,2.2682524139135403,-0.7173816270527739
727,1,2,1,3,0,0,1,0,1,0,0,0,0,1,3.091042453358316,0.052741757022080525
728,1,3,1,0,0,0,0,0,1,0,0,0,1,0,2.1676241075599285,-0.10128291979289036
729,0,2,0,1,0,0,0,0,1,0,0,0,0,1,3.295836866004329,-0.3323199350153467
730,0,3,1,1,0,0,0,0,0,1,0,0,0,1,2.188856327665703,-0.3323199350153467
731,1,1,1,0,0,1,1,0,1,0,0,0,0,1,5.35817698994543,-0.024270581385404916
732,0,3,0,0,0,0,1,0,1,0,0,0,0,0,2.9850504252071306,-1.4104926727201428
733,0,2,0,0,0,0,0,0,1,0,0,0,0,1,0.0,-0.10128291979289036
734,0,2,0,0,0,0,0,0,1,0,0,0,0,1,2.6390573296152584,-0.4863446118303176
735,0,2,0,0,0,0,0,0,1,0,0,0,0,1,2.6390573296152584,-0.4863446118303176
736,0,3,0,0,0,0,1,0,1,0,0,0,0,1,2.8390784635086144,-0.06277675058914764
737,0,3,1,1,3,0,1,0,0,1,0,0,0,1,3.5660053559634015,1.4389638483568186
738,1,1,0,0,0,1,1,0,0,0,1,0,0,0,6.240917354759096,0.43780344905950774
739,0,3,0,0,0,0,0,0,1,0,0,0,0,1,2.1855792552411137,-0.10128291979289036
740,0,3,0,0,0,0,0,0,1,0,0,0,0,1,2.1855792552411137,-0.10128291979289036
741,1,1,0,0,0,1,0,0,1,0,0,0,0,1,3.4339872044851463,-0.10128291979289036
742,0,1,0,1,0,1,1,0,1,0,0,0,0,1,4.380149874661021,0.5148157874669932
743,1,1,1,2,2,1,1,0,0,0,1,0,0,0,5.5735788721243535,-0.6403692886452884
744,0,3,0,1,0,0,0,0,1,0,0,0,0,1,2.8390784635086144,-0.4093322734228321
745,1,3,0,0,0,0,0,0,0,0,0,1,0,1,2.188856327665703,0.12975409542956598
746,0,1,0,1,1,1,1,0,0,1,0,0,0,1,4.276666119016055,3.1332352933214986
747,0,3,0,1,1,0,1,1,0,0,0,0,0,1,3.056356895370426,-1.0254309806827158
748,1,2,1,0,0,0,0,0,1,0,0,0,0,1,2.6390573296152584,0.052741757022080525
749,0,1,0,1,0,1,0,0,1,0,0,0,0,1,3.9908341858524357,-0.7943939654602593
750,0,3,0,0,0,0,0,0,1,0,0,0,1,0,2.169053700369523,0.12975409542956598
751,1,2,1,1,1,0,0,0,1,0,0,0,0,1,3.1780538303479458,-1.949579041572541
752,1,3,0,0,1,1,1,0,1,0,0,0,0,1,2.600836116795061,-1.79555436475757
753,0,3,0,0,0,0,0,0,1,0,0,0,0,1,2.3513752571634776,0.28377877224453685
754,0,3,0,0,0,0,0,0,1,0,0,0,0,1,2.1855792552411137,-0.4863446118303176
755,1,2,1,1,2,0,1,0,1,0,0,0,0,1,4.189654742026425,1.4389638483568186
756,1,2,0,1,1,0,1,0,1,0,0,0,0,1,2.740840023925201,-2.206030128469467
757,0,3,0,0,0,0,0,0,1,0,0,0,0,1,2.174274334826008,-0.10128291979289036
758,0,2,0,0,0,0,0,0,1,0,0,0,0,1,2.5257286443082556,-0.8714063038677448
759,0,3,0,0,0,0,0,0,1,0,0,0,0,1,2.2027647577118348,0.3607911106520223
760,1,1,1,0,0,1,1,0,1,0,0,0,0,1,4.471638793363569,0.28377877224453685
761,0,3,0,0,0,0,1,0,1,0,0,0,0,1,2.740840023925201,-0.10128291979289036
762,0,3,0,0,0,0,0,0,0,1,0,0,0,1,2.094945728215801,0.8998774795044204
763,1,3,0,0,0,0,0,0,1,0,0,0,0,0,2.1076888046179385,-0.7173816270527739
764,1,1,1,1,2,1,1,0,1,0,0,0,0,1,4.795790545596741,0.5148157874669932
765,0,3,0,0,0,0,0,0,1,0,0,0,0,1,2.1719067693519296,-1.0254309806827158
766,1,1,1,1,0,1,1,0,1,0,0,0,0,1,4.368919865004903,1.670000863579275
767,0,1,0,0,0,0,0,0,1,0,0,0,0,0,3.703768066607687,-0.10128291979289036
768,0,3,1,0,0,0,0,0,1,0,0,0,1,0,2.169053700369523,0.09124792622582324
769,0,3,0,1,0,0,1,0,1,0,0,0,1,0,3.224857896545748,-0.10128291979289036
770,0,3,0,0,0,0,0,0,1,0,0,0,0,1,2.236712348843338,0.2067664338370514
771,0,3,0,0,0,0,0,0,1,0,0,0,0,1,2.3513752571634776,-0.4093322734228321
772,0,3,0,0,0,0,0,0,1,0,0,0,0,1,2.180891922715322,1.4389638483568186
773,0,2,1,0,0,1,1,0,0,1,0,0,0,1,2.4423470353692043,2.1320748940241874
774,0,3,0,0,0,0,0,0,1,0,0,0,0,0,2.1071782966514356,-0.10128291979289036
775,1,2,1,1,3,0,0,0,1,0,0,0,0,1,3.1780538303479458,1.901037878801731
776,0,3,0,0,0,0,0,0,1,0,0,0,0,1,2.169053700369523,-0.8714063038677448
777,0,3,0,0,0,1,0,0,1,0,0,0,1,0,2.169053700369523,-0.10128291979289036
778,1,3,1,0,0,0,1,0,1,0,0,0,0,1,2.600836116795061,-1.8725667031650555
779,0,3,0,0,0,0,0,0,1,0,0,0,1,0,2.1676241075599285,-0.10128291979289036
780,1,1,1,0,1,1,1,0,1,0,0,0,0,1,5.35817698994543,1.0539021563193913
781,1,3,1,0,0,0,0,0,1,0,0,0,0,0,2.1076888046179385,-1.2564679959051719
782,1,1,1,1,0,1,1,0,1,0,0,0,0,1,4.060443010546419,-0.9484186422752302
783,0,1,0,0,0,1,0,0,1,0,0,0,0,1,3.4339872044851463,-0.024270581385404916
784,0,3,0,1,2,0,1,0,0,1,0,0,0,1,3.196630215920881,-0.10128291979289036
785,0,3,0,0,0,0,0,0,0,1,0,0,0,1,2.0856720914304723,-0.3323199350153467
786,0,3,0,0,0,0,0,0,1,0,0,0,0,1,2.1102132003465894,-0.3323199350153467
787,1,3,1,0,0,0,0,0,1,0,0,0,0,1,2.139571923732859,-0.8714063038677448
788,0,3,0,4,1,0,1,0,1,0,0,0,1,0,3.405355391810819,-1.6415296879425991
789,1,3,0,1,2,0,1,1,0,0,0,0,0,1,3.0715352369694915,-2.1806160567949973
790,0,1,0,0,0,1,1,0,0,0,1,0,0,0,4.384523514872469,1.2849391715418477
791,0,3,0,0,0,0,0,0,1,0,0,0,1,0,2.169053700369523,-0.10128291979289036
792,0,2,0,0,0,0,1,0,1,0,0,0,0,1,3.295836866004329,-1.0254309806827158
793,0,3,1,8,2,0,1,0,0,1,0,0,0,1,4.256321678298823,-0.10128291979289036
794,0,1,0,0,0,0,0,0,0,0,1,0,0,0,3.4561841799918147,-0.10128291979289036
795,0,3,0,0,0,0,0,0,1,0,0,0,0,1,2.1855792552411137,-0.3323199350153467
796,0,2,0,0,0,0,0,0,1,0,0,0,0,1,2.6390573296152584,0.7458528026894495
797,1,1,1,0,0,1,0,0,1,0,0,0,0,1,3.2932111997353943,1.515976186764304
798,1,3,1,0,0,0,0,0,1,0,0,0,0,1,2.270402752283094,0.12975409542956598
799,0,3,0,0,0,0,0,0,1,0,0,0,0,0,2.1076888046179385,0.052741757022080525
800,0,3,1,1,1,0,1,0,1,0,0,0,0,1,3.224857896545748,0.052741757022080525
801,0,2,0,0,0,0,1,0,1,0,0,0,0,1,2.6390573296152584,0.3607911106520223
802,1,2,1,1,1,0,1,1,0,0,0,0,0,1,3.305053521109253,0.12975409542956598
803,1,1,0,1,2,1,1,0,1,0,0,0,0,1,4.795790545596741,-1.4104926727201428
804,1,3,0,0,1,0,0,0,1,0,0,0,0,0,2.2530481500547457,-2.225283213071339
805,1,3,0,0,0,0,0,0,1,0,0,0,0,1,2.076311648670908,-0.1782952582003758
806,0,3,0,0,0,0,0,0,1,0,0,0,0,1,2.1719067693519296,0.12975409542956598
807,0,1,0,0,0,1,0,0,1,0,0,0,0,1,0.0,0.7458528026894495
808,0,3,1,0,0,0,0,0,1,0,0,0,0,1,2.1719067693519296,-0.8714063038677448
809,0,2,0,0,0,0,0,0,1,0,0,0,0,1,2.6390573296152584,0.7458528026894495
810,1,1,1,1,0,1,1,0,1,0,0,0,0,1,3.9908341858524357,0.28377877224453685
811,0,3,0,0,0,0,0,0,1,0,0,0,0,1,2.184645795129359,-0.25530759660786123
812,0,3,0,0,0,0,1,0,0,1,0,0,0,1,3.224857896545748,0.7458528026894495
813,0,2,0,0,0,0,0,0,1,0,0,0,0,1,2.4423470353692043,0.43780344905950774
814,0,3,1,4,2,0,1,0,1,0,0,0,0,1,3.4742929367327062,-1.79555436475757
815,0,3,0,0,0,0,0,0,1,0,0,0,0,1,2.2027647577118348,0.09124792622582324
816,0,1,0,0,0,1,0,0,1,0,0,0,0,1,0.0,-0.10128291979289036
817,0,3,1,0,0,0,0,0,0,1,0,0,0,1,2.188856327665703,-0.4863446118303176
818,0,2,0,1,1,0,1,0,0,1,0,0,0,0,3.637696679934592,0.12975409542956598
819,0,3,0,0,0,0,0,0,0,1,0,0,0,1,2.0082140323914683,1.0539021563193913
820,0,3,0,3,2,0,1,0,1,0,0,0,0,1,3.3638415951183864,-1.4875050111276282
821,1,1,1,1,1,1,1,0,1,0,0,0,0,1,4.548599834499697,1.7470132019867604
822,1,3,0,0,0,0,0,0,1,0,0,0,0,1,2.2682524139135403,-0.1782952582003758
823,0,1,0,0,0,0,0,0,1,0,0,0,0,1,0.0,0.6688404642819641
824,1,3,1,0,1,1,1,0,1,0,0,0,0,1,2.600836116795061,-0.1782952582003758
825,0,3,0,4,1,0,1,0,1,0,0,0,0,1,3.705920919968788,-2.103603718387512
826,0,3,0,0,0,0,0,0,1,0,0,0,1,0,2.0731719286662407,-0.10128291979289036
827,0,3,0,0,0,0,1,0,1,0,0,0,0,1,4.05171190165724,-0.10128291979289036
828,1,2,0,0,2,0,1,0,0,1,0,0,0,0,3.637696679934592,-2.1806160567949973
829,1,3,0,0,0,0,0,0,1,0,0,0,1,0,2.169053700369523,-0.10128291979289036
831,1,3,1,1,0,0,1,0,1,0,0,0,0,0,2.737880811060884,-1.1024433190902012
832,1,2,0,1,1,0,1,0,1,0,0,0,0,1,2.9831534913471307,-2.19370815432427
833,0,3,0,0,0,0,0,0,1,0,0,0,0,0,2.1076888046179385,-0.10128291979289036
834,0,3,0,0,0,0,0,0,1,0,0,0,0,1,2.180891922715322,-0.4863446118303176
835,0,3,0,0,0,0,0,0,1,0,0,0,0,1,2.2300144001592104,-0.8714063038677448
836,1,1,1,1,1,1,0,0,0,0,1,0,0,0,4.432699549165613,0.7458528026894495
837,0,3,0,0,0,0,0,0,1,0,0,0,0,1,2.2682524139135403,-0.6403692886452884
838,0,3,0,0,0,0,0,0,1,0,0,0,0,1,2.2027647577118348,-0.10128291979289036
839,1,3,0,0,0,0,1,0,1,0,0,0,0,1,4.05171190165724,0.2067664338370514
840,1,1,0,0,0,1,0,0,1,0,0,0,0,0,3.4242626545931514,-0.10128291979289036
841,0,3,0,0,0,0,0,0,0,1,0,0,0,1,2.188856327665703,-0.7173816270527739
842,0,2,0,0,0,0,1,0,0,1,0,0,0,1,2.4423470353692043,-1.0254309806827158
843,1,1,1,0,0,0,1,0,1,0,0,0,0,0,3.4657359027997265,0.052741757022080525
844,0,3,0,0,0,0,0,0,1,0,0,0,0,0,2.006534770871748,0.399297279855765
845,0,3,0,0,0,0,0,0,1,0,0,0,0,1,2.2682524139135403,-0.9484186422752302
846,0,3,0,0,0,0,0,1,0,0,0,0,0,1,2.145931282948669,0.9768898179119059
847,0,3,0,8,2,0,1,0,0,1,0,0,0,1,4.256321678298823,-0.10128291979289036
848,0,3,0,0,0,0,0,0,1,0,0,0,0,0,2.1855792552411137,0.43780344905950774
849,0,2,0,0,1,0,1,0,1,0,0,0,0,1,3.5263605246161616,-0.10128291979289036
850,1,1,1,1,0,1,1,0,1,0,0,0,0,0,4.500966778400217,-0.10128291979289036
851,0,3,0,4,2,0,1,0,1,0,0,0,0,1,3.4742929367327062,-1.949579041572541
852,0,3,0,0,0,0,0,0,1,0,0,0,0,1,2.1719067693519296,3.4412846469514404
853,0,3,1,1,1,0,1,0,1,0,0,0,0,0,2.7878344138303452,-1.5645173495351137
854,1,1,1,0,1,1,0,0,0,0,1,0,0,1,3.6988297849671046,-1.0254309806827158
855,0,2,1,1,0,0,1,0,1,0,0,0,0,1,3.295836866004329,1.1309144947268768
856,1,3,1,0,1,0,0,0,1,0,0,0,0,1,2.336986519711378,-0.8714063038677448
857,1,1,1,1,1,0,1,0,1,0,0,0,0,1,5.11118445372147,1.2079268331343622
858,1,1,0,0,0,1,0,0,1,0,0,0,0,1,3.3160025355989236,1.670000863579275
859,1,3,1,0,3,0,1,0,1,0,0,0,0,0,3.0085645861193133,-0.4093322734228321
860,0,3,0,0,0,0,0,0,1,0,0,0,0,0,2.1076888046179385,-0.10128291979289036
861,0,3,0,2,0,0,0,0,1,0,0,0,0,1,2.7152442616824506,0.8998774795044204
862,0,2,0,1,0,0,0,0,1,0,0,0,0,1,2.5257286443082556,-0.6403692886452884
863,1,1,1,0,0,1,0,0,1,0,0,0,0,1,3.2932111997353943,1.4389638483568186
864,0,3,1,8,2,0,1,0,0,1,0,0,0,1,4.256321678298823,-0.10128291979289036
865,0,2,0,0,0,0,0,0,1,0,0,0,0,1,2.6390573296152584,-0.4093322734228321
866,1,2,1,0,0,0,0,0,1,0,0,0,0,1,2.6390573296152584,0.9768898179119059
867,1,2,1,1,0,0,0,0,0,1,0,0,0,0,2.698558631668595,-0.1782952582003758
868,0,1,0,0,0,1,0,0,0,0,1,0,0,1,3.941500250945973,0.12975409542956598
869,0,3,0,0,0,0,0,0,1,0,0,0,0,1,2.3513752571634776,-0.10128291979289036
870,1,3,0,1,1,0,1,0,1,0,0,0,0,1,2.495953738718064,-1.949579041572541
871,0,3,0,0,0,0,0,0,1,0,0,0,0,1,2.1855792552411137,-0.25530759660786123
872,1,1,1,1,1,1,1,0,1,0,0,0,0,1,3.9806942251907276,1.3619515099493331
873,0,1,0,0,0,1,0,0,1,0,0,0,0,1,1.791759469228055,0.28377877224453685
874,0,3,0,0,0,0,0,0,1,0,0,0,0,1,2.302585092994046,1.3619515099493331
875,1,2,1,1,0,0,1,0,0,1,0,0,0,0,3.2188758248682006,-0.10128291979289036
876,1,3,1,0,0,0,0,0,1,0,0,0,0,0,2.1071782966514356,-1.1024433190902012
877,0,3,0,0,0,0,1,0,1,0,0,0,0,1,2.3837779082709782,-0.7173816270527739
878,0,3,0,0,0,0,0,0,1,0,0,0,0,1,2.1855792552411137,-0.7943939654602593
879,0,3,0,0,0,0,0,0,1,0,0,0,0,1,2.1855792552411137,-0.10128291979289036
880,1,1,1,0,1,1,1,0,1,0,0,0,0,0,4.432699549165613,2.055062555616702
881,1,2,1,0,1,0,1,0,1,0,0,0,0,1,3.295836866004329,-0.3323199350153467
882,0,3,0,0,0,0,0,0,1,0,0,0,0,1,2.1855792552411137,0.28377877224453685
883,0,3,1,0,0,0,0,0,1,0,0,0,0,1,2.4437981558973862,-0.563356950237803
884,0,2,0,0,0,0,0,0,0,1,0,0,0,1,2.4423470353692043,-0.10128291979289036
885,0,3,0,0,0,0,0,0,0,1,0,0,0,1,2.0856720914304723,-0.3323199350153467
886,0,3,1,0,5,0,1,0,1,0,0,0,1,0,3.405355391810819,0.7458528026894495
887,0,2,0,0,0,0,0,0,1,0,0,0,0,1,2.6390573296152584,-0.1782952582003758
888,1,1,1,0,0,1,0,0,1,0,0,0,0,1,3.4339872044851463,-0.7943939654602593
889,0,3,1,1,2,0,1,0,0,1,0,0,0,1,3.196630215920881,-0.10128291979289036
890,1,1,0,0,0,1,0,0,1,0,0,0,0,0,3.4339872044851463,-0.25530759660786123
891,0,3,0,0,0,0,0,0,1,0,0,0,1,0,2.169053700369523,0.2067664338370514
